ACE SOFTWARE LLC	AZ	GLENDALE
ARTHA DATA SOLUTIONS LLC	AZ	SCOTTSDALE
ASB INFOTECH LLC	AZ	PHOENIX
AVT TECHNOLOGY SOLUTIONS LLC	AZ	TEMPE
BNB TECH SOURCE INC DBA MEGNITY TECHNOLOGIES	AZ	CHANDLER
CLAIRVOYANT AL INC	AZ	CHANDLER
CLARIVATE ANALYTICS US LLC	AZ	CHANDLER
CLOUD DATA LLC	AZ	PHOENIX
EDAIS ENGINEERING INC	AZ	YUMA
GALAXY I TECHNOLOGIES INC	AZ	SCOTTSDALE
GENESES TECH SOLUTIONS LLC	AZ	TEMPE
ICUBE TECHNOLOGY INC	AZ	MESA
INFUSION SOFTWARE INC DBA KEAP	AZ	CHANDLER
INHERENT TECHNOLOGIES LLC	AZ	CHANDLER
IVIS TECHNOLOGIES LLC	AZ	PHOENIX
JOB AIRE GROUP INC	AZ	TUCSON
METASOFTTECH SOLUTIONS LLC	AZ	CHANDLER
MINDQUEST TECHNOLOGY SOLUTIONS LLC	AZ	PHOENIX
NAAS TECHNOLOGIES LLC	AZ	PHOENIX
PLAIN GREEN LLC	AZ	SCOTTSDALE
RADIUSAI INC	AZ	TEMPE
REGION TECHNOLOGIES INC	AZ	PHOENIX
SAHI SOFTTECH INC	AZ	CHANDLER
SAVVY DATA SOLUTIONS INC	AZ	MESA
SPARK INFOTECH	AZ	SCOTTSDALE
TECH FABRIC LLC	AZ	GILBERT
TECHFLURRY SOLUTIONS LLC	AZ	PHOENIX
TECHMILEAGE SOFTWARE SOLUTIONS LLC DBA SCIATA	AZ	SCOTTSDALE
TECHNIVAS LLC	AZ	TEMPE
TECHNOPRISM LLC	AZ	MESA
TECHZOID SOLUTIONS LLC	AZ	PHOENIX
TEKTASTIC TECHNICAL SERVICES LLC	AZ	PHOENIX
TITLE21 SOFTWARE INC	AZ	PHOENIX
VERTECH INDUSTRIAL SYSTEMS LLC	AZ	PHOENIX
VHL TECHNOLOGIES INC	AZ	PHOENIX
VMC SOFT TECHNOLOGIES INC	AZ	SCOTTSDALE
VOKERTECH INC	AZ	SCOTTSDALE
24 7 AI INC	CA	CAMPBELL
3K TECHNOLOGIES LLC	CA	MILPITAS
A & C TECHNOLOGY INC	CA	NEWPORT BEACH
A 1 TECHNOLOGY INC	CA	AGOURA HILLS
ABACUS AI INC	CA	SAN FRANCISCO
ABINFOTECHNOLOGIES LLC	CA	SANTA CLARITA
ABSOLUTDATA TECHNOLOGIES INC.	CA	ALAMEDA
ABSOLUTE GRAPHIC TECHNOLOGIES USA INC	CA	CORONA
ACCRETE HITECH SOLUTIONS INC	CA	SANTA CLARA
ACE TECHNOLOGIES INC	CA	SAN JOSE
ACKERMAN TECHNOLOGIES LLC	CA	UNION CITY
ACME TECHNOLOGIES INC	CA	SAN JOSE
ADEPT CHIP TECHNOLOGIES INC	CA	SUNNYVALE
ADIN TECHNOLOGIES INC	CA	DUBLIN
ADVANCED INTELLIGENT CONSTRUCTION TECHNOLOGY INC	CA	TORRANCE
ADVANTAGE SALES &MARKETING,LLC	CA	IRVINE
ADVENT SOFTWARE INC	CA	SAN FRANCISCO
ADVERUM BIOTECHNOLOGIES INC	CA	REDWOOD CITY
AERA TECHNOLOGY INC	CA	MOUNTAIN VIEW
AERO TECHNOLOGIES INC	CA	OAKLAND
AERO VECT TECHNOLOGIES INC	CA	SOUTH SAN FRANCISCO
AFFINE TECH SYSTEMS LLC	CA	FREMONT
AFRESH TECHNOLOGIES INC D/B/A AFRESH	CA	SAN FRANCISCO
AGENT IQ INC	CA	SAN FRANCISCO
AGILE DATAPRO INC	CA	CAMPBELL
AGILITY SOFTWARE SOLUTIONS LLC	CA	SACRAMENTO
AHANA CLOUD INC	CA	SAN MATEO
AHANA CLOUD INC	CA	SANTA CRUZ
AIBEE US CORPORATION	CA	PALO ALTO
AICADIUM, INC.	CA	SAN DIEGO
AIDASH	CA	SAN JOSE
AIFI INC	CA	MENLO PARK
AIPRISE INC	CA	PALO ALTO
AIRBYTE INC	CA	SAN FRANCISCO
AIRCOM PACIFIC INC	CA	FREMONT
AIRGAP NETWORKS INC	CA	SAN JOSE
AIRNA CORPORATION	CA	STANFORD
AIRWALLEX US LLC	CA	SAN FRANCISCO
AISERA INC	CA	AGOURA HILLS
AISERA INC	CA	PALO ALTO
AITRONX INC	CA	SAN JOSE
AIXTRON INC	CA	SANTA CLARA
ALCATRAZ AI INC	CA	CUPERTINO
ALFA TECH CONSULTING ENGINEERS INC	CA	SAN JOSE
ALIBABA CLOUD US LLC	CA	SUNNYVALE
ALL TAILS WAGGING SANTA ROSA INC DBA ALL TAILS WAGGING VETERINARY CLINIC	CA	SANTA ROSA
ALLIANCE FOR SUSTAINABLE ENERGY LLC	CA	SANTA MONICA
ALLTRAILS INC	CA	SAN FRANCISCO
ALPHA NUMERO TECHNOLOGY SOLUTIONS	CA	IRVINE
ALT PLATFORMS INC	CA	SAN FRANCISCO
AMERICAN SHENGSHENG SUPPLY CHAIN LLC	CA	SAN JOSE
AMPAIRE INC	CA	HAWTHORNE
ANAYA TECHNOLOGIES INC	CA	NEWARK
ANGLER AI INC	CA	RESEDA
ANT TECHNOLOGIES U S INC	CA	SUNNYVALE
ANTALPHA TECHNOLOGIES INC	CA	IRVINE
ANTARA AI INC	CA	LOS ALTOS HILLS
ANTIMATTER TECHNOLOGIES INC	CA	BERKELEY
APEX AI INC	CA	PALO ALTO
APEX BAIT TECHNOLOGIES INC	CA	SANTA CLARA
APPROGENCE TECHNOLOGIES INC	CA	IRVINE
ARBELA TECHNOLOGIES CORPORATION	CA	IRVINE
ARC TECHNOLOGIES INC	CA	SAN FRANCISCO
ARCADYAN TECH NORTH AMERICA COTP	CA	SAN JOSE
ARES OPERATIONS LLC	CA	LOS ANGELES
ARIZE AI INC	CA	MILL VALLEY
ARLO TECHNOLOGIES INC	CA	MILPITAS
AROHA TECHNOLOGIES INC	CA	DUBLIN
AROHA TECHNOLOGIES INC	CA	PLEASANTON
ARRIVER SOFTWARE LLC	CA	SAN DIEGO
ASHLOGITECH LLC	CA	FREMONT
ATHENA TECHNOLOGY INC	CA	FREMONT
ATMOSPHERIC DATA SOLUTIONS LLC	CA	TUSTIN
ATOM TECH INC	CA	PLEASANTON
ATTENTION TECHNOLOGIES INC	CA	CULVER CITY
AURUM DATA SOLUTIONS INC ADSI	CA	FREMONT
AUTOMATION ANYWHERE INC	CA	SAN JOSE
AUTOX TECHNOLOGIES INC	CA	SAN JOSE
AVAIL MEDSYSTEMS INC	CA	SANTA CLARA
AVALA AI INC	CA	OAKLAND
AVEVA SOFTWARE LLC	CA	LAKE FOREST
AVICENATECH CORP	CA	SUNNYVALE
BACKBONE SOFTWARE, INC.	CA	OAKLAND
BAIDU USA LLC	CA	SUNNYVALE
BALPAMTECH SOLUTIONS INC	CA	SAN JOSE
BANDAI NAMCO TOYS COLLECTIBLE AMERICA INC	CA	IRVINE
BEACON AI INC	CA	SAN FRANCISCO
BEACONS AI INC	CA	SAN FRANCISCO
BENISON TECH USA INC	CA	NEWPORT BEACH
BESHTON SOFTWARE INC	CA	SAN JOSE
BEST LOGISTICS TECHNOLOGY CO LTD	CA	CHINO
BITLINE TECHNOLOGIES INC.	CA	PLEASANTON
BITSIGHT TECHNOLOGIES INC	CA	MENLO PARK
BIZLINK TECHNOLOGY INC	CA	FREMONT
BLACK SESAME TECHNOLOGIES INC	CA	SAN JOSE
BLAST ANALYTICS & MARKETING	CA	ROSEVILLE
BLIZZARD ENTERTAINMENT INC	CA	IRVINE
BLOCK1 INFORMATION TECHNOLOGY SERVICES LLC	CA	SAN JOSE
BLUESPACE AI INC	CA	EMERYVILLE
BOARDWALKTECH INC	CA	CUPERTINO
BOLIDE TECHNOLOGY GROUP INC	CA	SAN DIMAS
BONSAI ROBOTICS INC	CA	SANTA CRUZ
BQE SOFTWARE INC	CA	TORRANCE
BRAIN TECHNOLOGIES INC	CA	SAN MATEO
BRAINCHIP INC	CA	LAGUNA HILLS
BRAINOFT INC	CA	SAN MATEO
BRIDGENEXUS TECHNOLOGIES INC	CA	FREMONT
BRIGHTECH INC	CA	BEVERLY HILLS
BRILLIUS TECHNOLOGIES INC	CA	FREMONT
BRILLIUS TECHNOLOGIES INC	CA	PLEASANTON
BUTLR TECHNOLOGIES INC	CA	SAN MATEO
BUTTON TECH INC	CA	MOUNTAIN VIEW
C3 AI INC	CA	REDWOOD CITY
CA ONE TECH CLOUD INC	CA	FREMONT
CAE TECHNOLOGY SERVICES INC	CA	SAN JOSE
CALYPSO TECHNOLOGY INC	CA	SAN FRANCISCO
CANARY TECHNOLOGIES CORP	CA	SAN FRANCISCO
CANVAS INFOTECH INC	CA	FREMONT
CAPE ANALYTICS INC	CA	PALO ALTO
CELANDYNE SOFTWARE SOLUTIONS LLC	CA	SAN JOSE
CENTER FOR SUSTAINABLE ENERGY	CA	SAN DIEGO
CENTRIC SOFTWARE INC	CA	CAMPBELL
CERISE INFOTECH INC	CA	NORWALK
CG VAK SOFTWARE USA INC	CA	WALNUT CREEK
CHARACTER TECHNOLOGIES INC DBA CHARACTER AI	CA	PALO ALTO
CHERISH TECHNOLOGIES INC	CA	FREMONT
CHICO AI USA INC	CA	PALO ALTO
CHINESE OVERSEAS MARKETING SERVICE CORPORATION	CA	ROSEMEAD
CIENET TECHNOLOGIES LLC	CA	SANTA CLARA
CIRQUETECH GROUP INC	CA	AZUSA
CIRRUS CLOUD TECHNOLOGIES INC	CA	DUBLIN
CLAVAX TECHNOLOGIES LLC	CA	SAN JOSE
CLOSER TECH INC	CA	SAN FRANCISCO
CLOUD TECHNOLOGIES INC	CA	SAN FRANCISCO
CLOUDBEES INC	CA	SAN JOSE
CLOUDELY INC	CA	SUNNYVALE
CLOUDEQS LLC	CA	SANTA CLARA
CLOUDERA INC	CA	SANTA CLARA
CLOUDFLARE INC	CA	SAN FRANCISCO
CLOUDIAN INC	CA	SAN MATEO
CLOUDMICROTECH	CA	FREMONT
CLOUDWICK TECHNOLOGIES INC	CA	NEWARK
COCO SOFT INC DBA TERA CLOUDX INC	CA	FREMONT
COGNIX AUTOMATION INC	CA	PLEASANTON
COHERE TECHNOLOGIES INC	CA	SAN JOSE
CONCENTRIC SOFTWARE INC	CA	SARATOGA
CONCRETE AI INC	CA	LOS ANGELES
COUGAR TECH INC	CA	PLEASANTON
COULOMB TECHNOLOGIES INC	CA	SAN FRANCISCO
COUPA SOFTWARE INC	CA	SAN MATEO
COURIE AI INC	CA	MOUNTAIN VIEW
CQ INFOTECH	CA	CERRITOS
CRE8TECH LABS INC	CA	PASADENA
CREATIVE SECURITY TECHNOLOGY INC	CA	CITY OF INDUSTRY
CRESTA INTELLIGENCE INC	CA	PALO ALTO
CROWDAI INC	CA	SAN FRANCISCO
CURIEAI	CA	SANTA CLARA
CURRENT AIR CLOTHING INC	CA	LOS ANGELES
DAI CHEONG TRADING CO INC	CA	LOS ANGELES
DANTA TECHNOLOGIES INC	CA	SAN MARCOS
DATA AI INC D/B/A DATA AI	CA	SAN FRANCISCO
DATA APPLICATION LAB	CA	BUENA PARK
DATA INTELLIGENCE-IT	CA	RANCHO CORDOVA
DATABOOK LABS INC	CA	PALO ALTO
DATABRICKS INC	CA	SAN FRANCISCO
DATAMAX SOFTWARE INC DBA RFGEN	CA	EL DORADO HILLS
DATANETIIX SOLUTIONS INC	CA	IRVINE
DATAPLUS TECHNOLOGIES INC	CA	SOUTH PASADENA
DATAVANT INC	CA	SAN FRANCISCO
DATAVISOR INC	CA	MOUNTAIN VIEW
DATAWALK INC	CA	REDWOOD CITY
DATAYES INC	CA	SAN JOSE
DAX SOFTWARE SOLUTIONS INC	CA	WOODLAND HILLS
DCM INFOTECH LIMITED	CA	FREMONT
DCUBE DATA SCIENCES CORPORATION	CA	IRVINE
DECITECH CONSULTING INC	CA	FREMONT
DEEPROUTE.AI LTD	CA	FREMONT
DELART TECHNOLOGY SERVICES LLC	CA	SANTA MONICA
DEVZ AI TECHNOLOGIES INC	CA	IRVINE
DEW SOFTWARE INC	CA	FREMONT
DGN TECHNOLOGIES INC	CA	FREMONT
DISNEY PARKS TECHNOLOGY SERVICES CO LLC	CA	BURBANK
DISNEY STREAMING TECHNOLOGY LLC	CA	BURBANK
DOMAIN EXPERTS CORPORATION	CA	SUNNYVALE
DOMINO DATA LAB INC	CA	SAN FRANCISCO
DOTDATA INC	CA	SAN MATEO
DPP TECH INC	CA	SAN FRANCISCO
DREAMCRAFT ENTERTAINMENT INC	CA	REDWOOD CITY
DREAMCREW OPERATIONS LLC	CA	WEST HOLLYWOOD
E BASE TECHNOLOGIES INC	CA	FREMONT
EDVENSWA TECH INC	CA	SAN JOSE
EGAIN CORPORATION	CA	SUNNYVALE
ELECTRI TECH SERVICES INC	CA	CITY INDUSTRY
ELEMENT ANALYTICS INC	CA	OAKLAND
ELIXIR TECHNOLOGIES CORPORATION	CA	OJAI
EMINENT TECHNOLOGY CONSULTANCY LLC	CA	PLEASANTON
ENCORE SOFTWARE SERVICES INC	CA	FREMONT
ENTERPRISE VISION TECHNOLOGIES INC	CA	SANTA MONICA
ETECH GLOBAL IT SOLUTIONS LLC	CA	SANTA CRUZ
ETHOS TECHNOLOGIES INC	CA	SAN FRANCISCO
ETOPUS TECHNOLOGY INC	CA	SAN JOSE
EVERGENT TECHNOLOGIES INC	CA	SUNNYVALE
EZDATA SYSTEMS INC	CA	SAN JOSE
FABLETICS INC. (FKA TECHSTLE INC.)	CA	EL SEGUNDO
FACTOR TECHNOLOGIES INC D/B/A PULL	CA	SAN FRANCISCO
FACTORY TECHNOLOGIES INC	CA	MODESTO
FAIRE WHOLESALE INC	CA	SAN FRANCISCO
FAMA TECHNOLOGIES INC	CA	VENICE
FAR AI INC	CA	SAN DIEGO
FATTAIL INC	CA	CALABASAS
FEDERATO TECHNOLOGIES INC	CA	SAN FRANCISCO
FIGURE AI INC	CA	SUNNYVALE
FIREWOOD MARKETING INC	CA	SAN FRANCISCO
FIRST TECHNOLOGY FEDERAL CREDIT UNION	CA	SAN JOSE
FIRSTLAYERAI INC DBA MEDALLION	CA	SAN FRANCISCO
FLAWLESS AI INC	CA	SANTA MONICA
FLEXON TECHNOLOGIES INC	CA	PLEASANTON
FOCUSAI INC	CA	SUNNYVALE
FORAGE TECHNOLOGY CORPORATION	CA	SAN FRANCISCO
FORMA CLOUD INC	CA	MENLO PARK
FORMAGRID INC DBA AIRTABLE	CA	SAN FRANCISCO
FOX TECHNOLOGY CENTER LLC	CA	LOS ANGELES
FOXCONN HON HAI LOGISTICS CALIFORNIA LLC	CA	DIAMOND BAR
FOXIT SOFTWARE INCORPORATED DBA FOXIT CORPORATION	CA	FREMONT
FULL MEALS TECHNOLOGY INC	CA	SAN FRANCISCO
FUTURE TECHNOLOGY INVESTMENT HOLDINGS INC	CA	EL SEGUNDO
G5 ENTERTAINMENT INC	CA	SAN RAFAEL
GAEA GLOBAL TECHNOLOGIES INC	CA	SANTA CLARA
GAIA INTERACTIVE INC	CA	SANTA CLARA
GALILEO TECHNOLOGIES INC	CA	SAN FRANCISCO
GARBER ST TRADING CO DBA WHOLESAIL	CA	SAN FRANCISCO
GASOLINE RETAIL FACILITIES CONSULTING	CA	LOS ANGELES
GATIK AI INC	CA	MOUNTAIN VIEW
GENENTECH INC	CA	SOUTH SAN FRANCISCO
GENENTECH USA INC	CA	SOUTH SAN FRANCISCO
GENESYS CLOUD SERVICES INC	CA	MENLO PARK
GEP ADMINISTRATIVE SVCS INC DBA ENTERTAINMENT PARTNERS LLC	CA	BURBANK
GERMAINS SEED TECHNOLOGY	CA	GILROY
GIGACLOUD TECHNOLOGY USA INC	CA	CITY INDUSTRY
GIGACLOUD TECHNOLOGY USA INC	CA	ROWLAND HEIGHTS
GLEAN TECHNOLOGIES INC	CA	PALO ALTO
GLOBAL EDGE SOFTWARE INC	CA	MILPITAS
GLOBAL TECHNOLOGY AND SERVICES INC	CA	SAN JOSE
GOLDEN ENTROPY MARKETING INC D/B/A EPCVIP INC	CA	ENCINO
GOODDOLPHIN TECHNOLOGIES LLC	CA	MILPITAS
GOODIX TECHNOLOGY INC	CA	SAN DIEGO
GORILLA TECH INC	CA	SAN DIEGO
GRAIL LLC	CA	MENLO PARK
GRANDLINE TECHNOLOGIES LLC	CA	PALO ALTO
GREAT SOFTWARE LABORATORY INC	CA	SAN FRANCISCO
GREAT SOFTWARE LABORATORY INC	CA	SAN JOSE
GREEN HILLS SOFTWARE LLC	CA	SANTA BARBARA
GRIFOLS WORLDWIDE OPERATIONS USA INC	CA	LOS ANGELES
GRIN TECHNOLOGIES INC	CA	SACRAMENTO
GROWTHPOINT TECHNOLOGY PARTNERS LLC	CA	SAN FRANCISCO
GSPANN TECHNOLOGIES INC	CA	MILPITAS
GSR TECHNOLOGIES INC	CA	IRVINE
GTM AI INC	CA	PALO ALTO
GUIDEWIRE SOFTWARE INC	CA	SAN MATEO
H2O AI INC	CA	MOUNTAIN VIEW
HAI ROBOTICS USA INC	CA	FREMONT
HALON ENTERTAINMENT LLC	CA	SANTA MONICA
HAMAARA TECHNOLOGIES LLC	CA	FREMONT
HAPPIEST MINDS TECHNOLOGIES LTD	CA	SAN JOSE
HAYDEN AI TECHNOLOGIES INC	CA	OAKLAND
HELM.AI INC	CA	MENLO PARK
HIGHNOTE PLATFORM INC	CA	SAN FRANCISCO
HR CLOUD INC	CA	EL SEGUNDO
HVANTAGE TECHNOLOGIES INC	CA	LOS ANGELES
HVANTAGE TECHNOLOGIES INC	CA	WEST HILLS
HYUNDAI AUTOEVER AMERICA LLC	CA	FOUNTAIN VALLEY
I TECH ENTERPRISES INC	CA	SANTA CLARITA
I2DATA SYSTEMS INC	CA	SANTA CLARA
ICE MORTGAGE TECHNOLOGY INC	CA	PLEASANTON
IMD FLUID SYSTEM TECHNOLOGIES INC DBA SWAGELOK NORTHERN CALIFORNIA	CA	FREMONT
IMPACT TECH INC	CA	SANTA BARBARA
IMPETUS TECHNOLOGIES INC	CA	LOS GATOS
IMPEX TECHNOLOGIES INC	CA	EL SEGUNDO
IMPLY DATA INC	CA	BURLINGAME
IMPRESSION TECHNOLOGY INC	CA	WALNUT CREEK
INCEPTIO TECHNOLOGY INC	CA	FREMONT
INCLOUD LLC D B A ONTRA	CA	SAN FRANCISCO
INCODE TECHNOLOGIES INC	CA	SAN FRANCISCO
INDICATE TECHNOLOGIES INC	CA	SANTA CLARA
INDIUM SOFTWARE INC	CA	CUPERTINO
INFERMOVE TECHNOLOGIES INC	CA	SANTA CLARA
INFOGAIN CORPORATION	CA	LOS GATOS
INFOTECH SPECTRUM INC	CA	SANTA CLARA
INGRASYS TECHNOLOGY USA INC	CA	SAN JOSE
INNOFLEXION TECHNOLOGIES INC	CA	CUPERTINO
INNOMINDS SOFTWARE INC	CA	SAN JOSE
INNOPEAK TECHNOLOGY INC	CA	PALO ALTO
INSPIRIT AI INC	CA	PALO ALTO
INTELLI INFOTECH INC	CA	DUBLIN
INTELLI INFOTECH INC	CA	PLEASANTON
INTELLI INFOTECH INC	CA	SAN RAMON
INTELLIGENT AUTOMATION TECHNOLOGY INC	CA	SANTA CLARA
INTELLISWIFT SOFTWARE INC	CA	NEWARK
INTERNATIONAL TECHNOLOGIES & SYSTEMS CORP	CA	CYPRESS
INTERRA INFORMATION TECHNOLOGIES INC	CA	SAN JOSE
INVENTORY AND ADMINISTRATIVE SOFTWARE INC	CA	SAN DIEGO
INVESTCLOUD INC	CA	W HOLLYWOOD
INVESTCLOUD INC	CA	WEST HOLLYWOOD
INVESTOR S BUSINESS DAILY LLC	CA	LOS ANGELES
INVISIBLE AI INC	CA	PALO ALTO
IT DIVISION INC DBA APEIRO TECHNOLOGIES	CA	IRVINE
ITC SOFTWARE SOLUTIONS GROUP LLC	CA	SANTA ANA
ITECHMATICS INC	CA	SANTA ANA
J CRAIG VENTER INSTITUTE INC	CA	LA JOLLA
J2 CLOUD SERVICES LLC	CA	LOS ANGELES
JASMIN INFOTECH INC.	CA	SAN JOSE
JH BIOTECH INC	CA	VENTURA
KAI TAI INC	CA	ONTARIO
KAIROS INVESTMENT MANAGEMENT CO	CA	RANCHO STA MARGARITA
KARGO TECHNOLOGIES CORP	CA	SAN FRANCISCO
KEEP FINANCIAL TECHNOLOGIES INC	CA	SAN JOSE
KENTIK TECHNOLOGIES INC	CA	SAN FRANCISCO
KEYU TECH LLC	CA	FREMONT
KINETIC AUTOMATION INC	CA	MOUNTAIN VIEW
KK TECHNOLOGIES LLC	CA	GOLD RIVER
KLARITY INTELLIGENCE INC DBA KLARITY	CA	SAN FRANCISCO
KNIGHT INFOTECH LLC	CA	FREMONT
KOJO TECHNOLOGIES INC	CA	WALNUT
KOPENTECH LLC	CA	LOS ANGELES
KUNAI INC.	CA	DANVILLE
LANDING AI US CORP	CA	PALO ALTO
LARK TECHNOLOGIES INC	CA	MOUNTAIN VIEW
LATENTAI INC	CA	MENLO PARK
LCS TECHNOLOGIES INC	CA	SACRAMENTO
LEARNSOFT TECHNOLOGY GROUP INC	CA	SAN DIEGO
LEGION TECHNOLOGIES INC	CA	PALO ALTO
LEOTHUNDRA TECHNOLOGIES LLC	CA	CYPRESS
LIGHTBEAM AI INC	CA	PALO ALTO
LILEE TECHNOLOGY INC	CA	SAN JOSE
LIVERMORE SOFTWARE TECHNOLOGY LLC	CA	LIVERMORE
LMK INFOTECH	CA	DUBLIN
LOGITECH INC	CA	NEWARK
LOGOS GLOBALTECH LLC	CA	WALNUT CREEK
LOOP NOW TECHNOLOGIES INC DBA FIREWORK	CA	SAN MATEO
LUMENDATA INC	CA	SAN JOSE
LUMENTUM OPERATIONS LLC	CA	SAN JOSE
LUMINARY CLOUD INC	CA	REDWOOD CITY
LYTE TECHNOLOGIES INC	CA	MOUNTAIN VIEW
MACHINE INTELLIGENCE RESEARCH INSTITUTE	CA	BERKELEY
MAINSPRING ENERGY INC	CA	MENLO PARK
MAINTAINX INC	CA	SAN FRANCISCO
MANGO TECHNOLOGIES INC D B A CLICKUP	CA	SAN DIEGO
MARIN SOFTWARE INCORPORATED	CA	SAN FRANCISCO
MEDIALAB AI INC	CA	SANTA MONICA
MELLANOX TECHNOLOGIES INC	CA	SUNNYVALE
MERCURY TECHNOLOGIES INC	CA	SAN FRANCISCO
META PLATFORMS INC	CA	MENLO PARK
METRONOME TECHNOLOGIES INC	CA	SAN FRANCISCO
MGA ENTERTAINMENT INC	CA	CHATSWORTH
MICRO FOCUS SOFTWARE INC	CA	SANTA CLARA
MIGHTY SOFTWARE INC.	CA	PALO ALTO
MILTECHS INC	CA	SAN JOSE
MINDTECH SOLUTIONS INC	CA	CERRITOS
MODE ANALYTICS INC	CA	SAN FRANCISCO
MONTE CARLO DATA INC	CA	SAN FRANCISCO
MORPH TECHNOLOGIES INC	CA	PALO ALTO
MOSAIC MATERIALS INC	CA	ALAMEDA
MOSAIC ML INC	CA	SAN FRANCISCO
MOSCHIP TECHNOLOGY, USA	CA	SANTA CLARA
MOTIVE TECHNOLOGIES INC	CA	SAN FRANCISCO
NANOLAB TECHNOLOGIES INC	CA	MILPITAS
NDATA INC	CA	MOUNTAIN VIEW
NETEASE INFORMATION TECHNOLOGY CORPORATION	CA	PASADENA
NEWA TECHNOLOGY INC	CA	REDWOOD CITY
NEWWAY TECHNOLOGY US INC	CA	ARCADIA
NEXTGEN TECHNOLOGIES INC	CA	SAN JOSE
NICHOLS MELBURG & ROSSETTO AIA & ASSOCIATES INC	CA	CHICO
NISUM TECHNOLOGIES INC	CA	BREA
NITYA SOFTWARE SOLUTIONS INC	CA	FREMONT
NOODLE ANALYTICS INC	CA	SAN FRANCISCO
NOVATEUR TECHNOLOGIES INC	CA	TRACY
NSG TECHNOLOGY INC	CA	SAN JOSE
NTRUST INFOTECH INC	CA	IRVINE
NU TECHNOLOGY INC	CA	FREMONT
NUMANN TECHNOLOGIES INC	CA	RANCHO CORDOVA
NUVO TECHNOLOGIES INC	CA	SOUTH SAN FRANCISCO
O M G ENTERTAINMENT	CA	REDWOOD CITY
O2 TECHNOLOGIES INC	CA	IRVINE
OBSIDIAN ENTERTAINMENT INC	CA	IRVINE
OJAS INNOVATIVE TECHNOLOGIES INC	CA	VALENCIA
OKG USA TECHNOLOGY INC	CA	SAN FRANCISCO
OKG USA TECHNOLOGY INC	CA	SAN JOSE
OMRON ROBOTICS AND SAFETY TECHNOLOGIES INC	CA	PLEASANTON
ONBOARDIQ INC D/B/A FOUNTAIN	CA	SAN FRANCISCO
ONCHAIN LABS INC DBA MAKERSPLACE	CA	SAN FRANCISCO
ONELOOK INC D/B/A LILY AI	CA	MOUNTAIN VIEW
OPERATION TECHNOLOGY INC DBA ETAP	CA	IRVINE
ORANGE DATA CLOUD LLC	CA	LOS ANGELES
ORBY AI INC	CA	SUNNYVALE
ORCHID TECH	CA	SAN JOSE
OTM SOFTWARE PROFESSIONALS INC	CA	SANTA BARBARA
OTTER AI INC	CA	MOUNTAIN VIEW
PARTNERS INFORMATION TECH INC	CA	ANAHEIM
PASSPORT TECHNOLOGY USA INC	CA	GLENDALE
PATHPARTNER TECHNOLOGY INC	CA	FREMONT
PERISCOPE TECHNOLOGIES INC	CA	SAN RAMON
PETADATA SOFTWARE LLC	CA	FREMONT
PHANTOM AI INC	CA	BURLINGAME
PHOENIX LABS USA OPERATIONS INC	CA	FOSTER CITY
PIVOTAL SOFTWARE INC	CA	PALO ALTO
PLAID INC	CA	SAN FRANCISCO
PLUSAI INC	CA	SANTA CLARA
POLYCHAIN CAPITAL LP	CA	SAN FRANCISCO
PONY AI INC	CA	FREMONT
POPULAR TECH	CA	IRVINE
PRAISIDIO INC	CA	LOS ALTOS
PREMISE DATA CORPORATION	CA	SAN FRANCISCO
PRIVY OPERATIONS LLC D/B/A PRIVY	CA	LOS ANGELES
PROCORE TECHNOLOGIES INC	CA	CARPINTERIA
PROCYON TECHNOSTRUCTURE LLC	CA	SAN RAFAEL
PRODIGAL TECHNOLOGIES INC	CA	MOUNTAIN VIEW
PROFOUND PLATFORM INC	CA	SAN FRANCISCO
PRONTO TECHNOLOGY INC	CA	CUPERTINO
PROPEL INFOTECH INC	CA	MILPITAS
PROPEL INFOTECH INC	CA	SANTA CLARA
PROPHECY TECHNOLOGIES CORPORATION	CA	IRVINE
PSC BIOTECH CORP	CA	POMONA
PTK TECHNOLOGIES LLC	CA	LOS GATOS
PVAI US OPCO INC	CA	PLEASANTON
QUAESTOR TECHNOLOGIES INC D/B/A STANDARD METRICS	CA	SAN FRANCISCO
QUEST SOFTWARE INC	CA	ALISO VIEJO
R AND R MARKETING SERVICES LLC DBA FLY WITH WINE	CA	NAPA
R SOFTWARE INC DBA RAPIDAPI	CA	SAN FRANCISCO
RAILPROS INC	CA	IRVINE
RAIN INDUSTRIES INC	CA	FAIRFIELD
RAINBERRY INC	CA	SAN FRANCISCO
RAISSO	CA	EL DORADO HILLS
RAMY INFOTECH INC	CA	SANTA CLARA
RATEGAIN ADARA INC	CA	SAN JOSE
RAY TECHNO SOLUTIONS INC	CA	SAN RAMON
REAL HYPE CREATIVE TECH INC	CA	LOS ANGELES
RED OAK TECH INC	CA	SAN JOSE
REFUEL AI INC	CA	SAN FRANCISCO
REFUGE BIOTECHNOLOGIES INC	CA	MENLO PARK
RELATIONLAI INC	CA	BERKELEY
RENOVITE TECHNOLOGIES INC	CA	FREMONT
RESPONSIVE TECHNOLOGIES INC	CA	LOS ANGELES
RILL DATA INC	CA	SAN FRANCISCO
RIVERBED TECHNOLOGY LLC	CA	SAN FRANCISCO
ROBOSOFT TECHNOLOGIES INC	CA	SAN FRANCISCO
ROBUST AI INC	CA	SAN CARLOS
ROOTSHELL ENTERPRISE TECHNOLOGIES INC	CA	SANTA CLARA
RS SOFTWARE  INDIA LTD	CA	MILPITAS
RUDRA TECHNOLOGIES INC	CA	VALENCIA
RUHA TECHNOLOGIES INC	CA	FREMONT
RULAI INC	CA	CAMPBELL
RXCLOUD	CA	PLEASANTON
S-TEAM SOFTWARE INC	CA	TRACY
SA TECHNOLOGIES INC	CA	SAN JOSE
SAAMA TECHNOLOGIES LLC	CA	CAMPBELL
SAFEAI INC	CA	SANTA CLARA
SAFI ANALYTICS PBC DBA GUIDEWHEEL	CA	SAN FRANCISCO
SAHAJ SOFTWARE SOLUTIONS INC	CA	NEWARK
SAIFUL BOUQUET STRUCTURAL ENGINEERS	CA	PASADENA
SAKIN TECHNOLOGIES LLC	CA	PLEASANTON
SAR TECH LLC	CA	FREMONT
SASKEN TECHNOLOGIES LIMITED	CA	SUNNYVALE
SCALE AI INC	CA	SAN FRANCISCO
SCANIT TECHNOLOGIES INC	CA	FREMONT
SEISMIC SOFTWARE INC	CA	SAN DIEGO
SELECTOR SOFTWARE INC	CA	SANTA CLARA
SEMTECH CORPORATION	CA	CAMARILLO
SEQUOIA APPLIED TECHNOLOGIES, INC.	CA	SANTA CLARA
SEQUOIA CAPITAL OPERATIONS LLC	CA	MENLO PARK
SGD OPERATIONS, INC.	CA	SACRAMENTO
SGIC CLOUD TECHNOLOGIES INC	CA	PLEASANTON
SHEIN TECHNOLOGY LLC	CA	LOS ANGELES
SHIBRAM BANERJEE INC DBA PACIFIC DATA INTEGRATORS	CA	ROCKLIN
SHORELINE SOFTWARE INC	CA	REDWOOD CITY
SIBROS TECHNOLOGIES INC	CA	FOLSOM
SIGNL AI LLC	CA	SANTA MONICA
SIKKA SOFTWARE CORPORATION	CA	SAN JOSE
SILICON TECH SOLUTIONS INC	CA	SAN RAMON
SIM INFOTECH INC	CA	PASADENA
SIMPLAIN SOFTWARE SOLUTIONS LLC	CA	WALNUT
SIVALTECH INC	CA	MILPITAS
SIVALTECH INC	CA	SAN DIEGO
SIXGILL LLC DBA PLAINSIGHT LLC	CA	SAN FRANCISCO
SKILLZ PLATFORM INC F K A SKILLZ INC	CA	SAN FRANCISCO
SKORUZ TECHNOLOGIES INC	CA	NEWARK
SKUCHAIN INC	CA	MOUNTAIN VIEW
SKYHIVE TECHNOLOGIES HOLDINGS INC	CA	PALO ALTO
SOCIALCHAIN INC	CA	PALO ALTO
SOCOILMAIL LLC	CA	PALO ALTO
SOFAR QUEEN TECHNOLOGIES INC	CA	SAN FRANCISCO
SOFTCLOUDS LLC	CA	SAN DIEGO
SOFTWARE MGMT CONSULTANTS LLC	CA	GLENDALE
SOLAR MOSAIC LLC	CA	OAKLAND
SOLIX TECHNOLOGIES INCORPORATED	CA	SANTA CLARA
SONATA SOFTWARE NORTH AMERICA INC	CA	FREMONT
SONY INTERACTIVE ENTERTAINMENT LLC	CA	SAN MATEO
SONY PICTURES ENTERTAINMENT INC	CA	CULVER CITY
SOURCE CODE TECHNOLOGIES LLC	CA	FOOTHILL RANCH
SOURCE CODE TECHNOLOGIES LLC	CA	LAKE FOREST
SPADEWORX SOFTWARE SVCS INC	CA	CAMPBELL
SPECTRO CLOUD INC	CA	SAN JOSE
SPECTRUM TECHNOLOGIES LLC	CA	SUNNYVALE
SPIN ANALYTICS AND STRATEGY LLC	CA	FREMONT
SPLIT SOFTWARE INC	CA	REDWOOD CITY
SSB SOFTWARE TECHNOLOGIES INC	CA	LAGUNA HILLS
STAIRWELL INC	CA	MOUNTAIN VIEW
STARTREE INC (F/K/A CORTEXDATA INC)	CA	MOUNTAIN VIEW
STREAM CAPTAIN INC	CA	SOUTH SAN FRANCISCO
SUKI AI INC	CA	REDWOOD CITY
SUNNY OPOTECH NORTH AMERICA INC	CA	SAN JOSE
SURREAL TECH INC	CA	PLAYA VISTA
SYDATA INC	CA	SAN DIEGO
SYNAPSE DESIGN AUTOMATION INC	CA	SANTA CLARA
SYNAPSE FINANCIAL TECHNOLOGIES INC	CA	SAN FRANCISCO
SYSTECH SOLUTIONS INC	CA	GLENDALE
TAICHI GRAPHICS LLC	CA	SAN JOSE
TAIEB & ASSOCIATES INC	CA	BEVERLY HILLS
TALLY TECHNOLOGIES INC	CA	SAN FRANCISCO
TANIUS TECHNOLOGY LLC	CA	ALAMO
TAVANT TECHNOLOGIES INC	CA	SANTA CLARA
TBH MARKETING & CONSULTING INC	CA	HACIENDA HEIGHTS
TECH MAHINDRA AMERICAS INC	CA	SANTA CLARA
TECH MAHINDRA CERIUM SYSTEMS INC	CA	SAN JOSE
TECH NET INC	CA	FOLSOM
TECH RABBIT INC DBA TECH FIREFLY	CA	SANTA CLARA
TECHAHEAD INC	CA	AGOURA HILLS
TECHASPECT SOLUTIONS LLC	CA	NEWARK
TECHGLOBAL SYSTEMS INC	CA	MILPITAS
TECHIONS LLC	CA	MILPITAS
TECHNICOLOR CREATIVE SERVICES USA INC	CA	CULVER CITY
TECHNICON DESIGN CORPORATION	CA	LAGUNA NIGUEL
TECHNILIGERNT INC	CA	SAN JOSE
TECHNITIA INC	CA	SAN RAMON
TECHNOSSUS LLC	CA	IRVINE
TECHTU BUSINESS SOLUTIONS INC	CA	PLEASANTON
TELECOM TECHNOLOGY SERVICES INC	CA	PLEASANTON
TENCENT CLOUD LLC	CA	PALO ALTO
TEQLINX SOFTWARE SOLUTIONS LLC	CA	SAN DIEGO
TERADATA OPERATIONS INC	CA	SAN DIEGO
TERRAIN STUDIO INC	CA	OAKLAND
TEST YANTRA SOFTWARE SOLUTIONS INC	CA	SAN JOSE
TETRA TECH INC	CA	PASADENA
TFCF ENTERTAINMENT GROUP LLC INDIRECT SUBSIDIARY OF THE WALT DISNEY COMPANY	CA	BURBANK
THE MODERN DATA CO INC	CA	PALO ALTO
THEAI INC DBA INWOELD AI	CA	MOUNTAIN VIEW
THIRD WAVE AUTOMATION INC	CA	UNION CITY
TIBCO SOFTWARE INC	CA	PALO ALTO
TIGER ANALYTICS INC	CA	SANTA CLARA
TIKTOK U S DATA SECURITY INC	CA	MOUNTAIN VIEW
TIKTOK US DATA SECURITY INC	CA	MOUNTAIN VIEW
TIVO PLATFORM TECHNOLOGIES LLC	CA	ALVISO
TIVO PLATFORM TECHNOLOGIES LLC	CA	SAN JOSE
TOMARCO CONTRACTOR SPECIALTIES INC DBA INTERNATIONS SEISMIC TECH	CA	LA MIRADA
TRANSFORM TECH SOLUTIONS INC	CA	MOUNTAIN VIEW
TRAVANCORE ANALYTICS INC	CA	PLEASANTON
TREASURE DATA INC	CA	MOUNTAIN VIEW
TRELLIS ENERGY SOFTWARE LLC	CA	BURLINGAME
TRIANGLE PLATFORM INC	CA	MENLO PARK
TRIBOLATECH INC	CA	SAN RAMON
TRICOPP INC DBA CLOUDPATHS	CA	NEWARK
TRICOPP INC DBA CLOUDPATHS	CA	PLEASANTON
TRIESTEN TECHNOLOGIES LLC	CA	LATHROP
TRIESTEN TECHNOLOGIES LLC	CA	SAN RAFAEL
TRIPLE RING TECHNOLOGIES INC	CA	NEWARK
TROVE INFORMATION TECHNOLOGIES INC DBA PAVE	CA	SAN FRANCISCO
TRUMINDS SOFTWARE SYSTEMS INC	CA	SAN DIEGO
TSMC TECHNOLOGY INC	CA	SAN JOSE
TTE TECHNOLOGY INC	CA	CORONA
TULA TECHNOLOGY INC	CA	SAN JOSE
UB TECHNOLOGY INNOVATIONS INC	CA	ANAHEIM
UBER TECHNOLOGIES INC	CA	SAN FRANCISCO
UBER TECHNOLOGIES INC	CA	SAN JOSE
ULTIMO SOFTWARE SOLUTIONS INC	CA	UNION CITY
UNIPHORE TECHNOLOGIES NORTH AMERICA INC	CA	PALO ALTO
UNITED TECHNO SOLUTIONS INC	CA	PLEASANTON
UNITY DATA INC	CA	SAN FRANCISCO
UNITY TECHNOLOGIES SF	CA	SAN FRANCISCO
UNRAVEL DATA SYSTEMS INC	CA	PALO ALTO
UP2DATE TECHNOLOGY SOLUTIONS LLC	CA	FREMONT
UPTREND TECHNOLOGIES LLC	CA	TRACY
URPAN TECHNOLOGIES INC	CA	FREMONT
US DATA MANAGEMENT, LLC DBA USDM LIFE SCIENCES	CA	SANTA BARBARA
US TECHNICAL CONSULTANTS INC	CA	FULLERTON
VANTAGE DATA CENTERS MGMT CO LLC	CA	SANTA CLARA
VASANTAS SOFTWARE INC	CA	TORRANCE
VECTRA AI INC	CA	SAN JOSE
VEDAINFO INC	CA	TORRANCE
VENTURA TECHNOLOGY SERVICES LLC DBA TEAMLOGIC IT60546	CA	CAMARILLO
VERDIGRIS TECHNOLOGIES INC	CA	LOS ALTOS
VERITAS TECHNOLOGIES LLC	CA	SANTA CLARA
VEZA TECHNOLOGIES INC	CA	LOS GATOS
VIANAI SYSTEMS INC	CA	PALO ALTO
VIR BIOTECHNOLOGY INC	CA	SAN FRANCISCO
VIRTUE SOFTWARE SOLUTIONS LLC	CA	CUPERTINO
VIS SOFTWARE SOLUTIONS INC	CA	MILPITAS
VISA TECHNOLOGY & OPERATIONS LLC	CA	FOSTER CITY
VISA TECHNOLOGY & OPERATIONS LLC	CA	SAN MATEO
VISUAL CONCEPTS ENTERTAINMENT	CA	NOVATO
VITAL DATA TECHNOLOGY , INC	CA	NEWPORT BEACH
VIZ CLOUD TECHNOLOGIES LLC	CA	MOUNTAIN VIEW
VOCALO INC DBA BOOSTUP AI	CA	SANTA CLARA
VVDN TECHNOLOGIES INC	CA	FREMONT
WALKWATER TECHNOLOGIES INC	CA	SAN JOSE
WARNER BROS. ENTERTAINMENT INC	CA	BURBANK
WARREN TECHENTIN ARCHITECTURE INC	CA	LOS ANGELES
WATERSHED TECHNOLOGY INC	CA	SAN FRANCISCO
WAVELABS TECHNOLOGIES INC	CA	MILPITAS
WEST ADVANCED TECHNOLOGIES INC	CA	SACRAMENTO
WESTERN DIGITAL TECHNOLOGIES INC	CA	PASADENA
WINDFALL DATA INC	CA	SAN FRANCISCO
WINDSOR SOFTWARE INC	CA	WALNUT
WINSAI LLC	CA	SUNNYVALE
WINWIRE TECHNOLOGIES INC	CA	SANTA CLARA
XFUSION TECHNOLOGIES INC	CA	RANCHO CORDOVA
XPANSIV DATA SYSTEMS INC	CA	SAN FRANCISCO
XUNJING TECHNOLOGY INC	CA	SUNNYVALE
YOUNG CRAIG & CO LLP	CA	MOUNTAIN VIEW
ZACH TECHNOLOGY INC	CA	WALNUT
ZEALTECH INC	CA	FREMONT
ZENFAIR SOLUTIONS INC	CA	SAN RAMON
ZIONTECH SOLUTIONS INC	CA	MILPITAS
ZL TECHNOLOGIES INC	CA	MILPITAS
ZURICH TECH SOLUTIONS INC	CA	IRVINE
AA TECH GROUP LLC	CO	PARKER
AFFECT MARKETING LLC	CO	DENVER
AGENTSYNC	CO	DENVER
ALLIANCE FOR SUSTAINABLE ENERGY LLC	CO	GOLDEN
ALLIANCE FOR SUSTAINABLE ENERGY LLC	CO	LAKEWOOD
ASCEND ANALYTICS LLC	CO	BOULDER
AUREUS TECH SYSTEMS LLC	CO	GREENWOOD VILLAGE
COGNIZANT TRIZETTO SOFTWARE GROUP INC CTSG	CO	ENGLEWOOD
COMPUNNEL SOFTWARE GROUP INC	CO	LIVERMORE
CROWNPEAK TECHNOLOGY INC	CO	DENVER
DATA DUCTUS INC	CO	LONGMONT
DATAVAIL CORPORATION	CO	BROOMFIELD
DMC BIOTECHNOLOGIES INC	CO	BOULDER
ERP NEW LEVEL TECHNOLOGIES INC	CO	CENTENNIAL
ERP NEW LEVEL TECHNOLOGIES INC	CO	ENGLEWOOD
FENIX AI LLC D/B/A FENIX AI	CO	AURORA
GLOBAL DATA STRATEGY LTD	CO	BOULDER
IMMENSE BRAINS LLC	CO	COLORADO SPRINGS
NEXGEN TECHNOLOGIES INC	CO	DENVER
NEXGEN TECHNOLOGIES INC	CO	LAKEWOOD
OPEN TECH SOLUTIONS LLC	CO	ENGLEWOOD
OUR SUSTAINABLE FUTURE LLC	CO	BROOMFIELD
OUTRIDER TECHNOLOGIES INC	CO	GOLDEN
PALANTIR TECHNOLOGIES INC	CO	DENVER
PANDIT VIEW SOFTWARE LLC	CO	CENTENNIAL
PANDIT VIEW SOFTWARE LLC	CO	ENGLEWOOD
PS TECHNOLOGY INC	CO	LOUISVILLE
QRAILS INC	CO	DENVER
ROCKY MOUNTAIN INSTITUTE	CO	BOULDER
SYCAMORE VALLEY SOFTWARE LLC	CO	BOULDER
TECH TALENT LLC	CO	COLORADO SPRINGS
TIBCO SOFTWARE INC	CO	GREENWOOD VILLAGE
TRANSPORTATION TECHNOLOGY CENTER INC DBA MXV RAIL	CO	PUEBLO
TRAX RETAIL INC	CO	DENVER
UTILITY DATA CONTRACTORS INC D/B/A UDC INC AND/OR UDC	CO	ENGLEWOOD
VANTAGE DATA CENTERS MGMT CO LLC	CO	DENVER
WELL DATA LABS INC	CO	DENVER
ZOLL DATA SYSTEMS INC	CO	BROOMFIELD
AAA GLOBAL TECHNOLOGIES LLC	GA	ATLANTA
ACADIA TECHNOLOGIES INC	GA	DULUTH
AGILITY TECHNOLOGIES LLC	GA	ATLANTA
AI SOLUTIONS GEORGIA INC	GA	ALPHARETTA
ALTAIR TECHNOLOGIES INC	GA	ALPHARETTA
AMERICAN CLOUD SERVICES LLC	GA	ALPHARETTA
AMERICAN IT TECH LLC	GA	AUGUSTA
AMERICAN SOFTWARE INC	GA	ATLANTA
AMSAL INC DBA TECH CHIEFS GROUP INC	GA	AUSTELL
ANALYTICS9 SOLUTIONS INC D B A AI9 SOLUTIONS INC	GA	CUMMING
APPIAN INFOTECH INC	GA	ALPHARETTA
APPLICATIONS TECHNOLOGY GROUP INC	GA	NORCROSS
ASPIRE TECH LLC	GA	MARIETTA
BLUE FUSION ENTERPRISE TECHNOLOGIE	GA	ROSWELL
BLUERIDGE TECHNOLOGY SERVICES LLC	GA	ATLANTA
BOSS TECHNOLOGIES INC	GA	ALPHARETTA
BPM TECHNOLOGIES LLC	GA	ALPHARETTA
BRAVES TECHNOLOGIES LLC	GA	WOODSTOCK
BYTEWARE CLOUD INC	GA	SUWANEE
CAMBRIDGE TECHNOLOGY INC	GA	NORCROSS
CHAINALYTICS LLC NOW KNOWN AS NTT DATA AMERICAS INC COMPANY	GA	ATLANTA
CHANGE HEALTHCARE TECHNOLOGIES LLC	GA	ALPHARETTA
CIRA INFOTECH INC	GA	ALPHARETTA
CLINICAL DATA SOLUTION LLC	GA	TUCKER
CLOUD DATA NETWORKS L L C	GA	SUWANEE
CLOUD SI INC	GA	ALPHARETTA
CLOUD SOURCE SYSTEMS LLC	GA	CUMMING
CLOUD SYS SOLUTIONS INC	GA	ALPHARETTA
CLOUD WORLD INC	GA	CONYERS
CLOUDCHAIN TECHNOLOGY SERVICES LLC	GA	ALPHARETTA
CLOUDFEN LLC	GA	ALPHARETTA
CLOUDINGEST INC	GA	ALPHARETTA
CLOUDMED SOLUTIONS LLC	GA	ATLANTA
CLOUDSOFT INC	GA	ALPHARETTA
CLOUDSOFT INC	GA	NORCROSS
COGITATE TECHNOLOGY SOLUTIONS INC	GA	ATLANTA
COGNIAL TECHNOLOGIES INC	GA	ALPHARETTA
CONCEPT SOFTWARE AND SERVICES INC	GA	ALPHARETTA
CONSELLO TECHNOLOGIES INC	GA	ALPHARETTA
CONSULTVEDA INFO TECHNOLOGIES INC	GA	ALPHARETTA
CORECARD SOFTWARE INC	GA	NORCROSS
CORL TECHNOLOGIES LLC	GA	ATLANTA
DAMANI DATA LLC	GA	ALPHARETTA
DATA INC	GA	DULUTH
DATASEERS INCORPORATED	GA	ALPHARETTA
DATASPARX LLC	GA	ALPHARETTA
DATUM SOFTWARE INC	GA	DULUTH
DEMAND DRIVEN TECHNOLOGIES INC	GA	ATLANTA
DPA INFOTECH INC	GA	JOHNS CREEK
E HAIR IMPORT INC	GA	NORCROSS
ED TECH SOFT INC	GA	DULUTH
EIS TECHNOLOGIES INC	GA	DULUTH
ENGINEERING DESIGN TECHNOLOGIES INC	GA	MARIETTA
ENTERPRISE TECH PROFESSIONALS INC	GA	ATLANTA
ENTRIVIS TECHNOLOGIES INC	GA	DULUTH
ETECHNOLOGIEN CORPORATION	GA	ATLANTA
EXPEDITE TECHNOLOGY SOLUTIONS LLC	GA	ALPHARETTA
FLEETCOR TECHNOLOGIES INC	GA	ATLANTA
FLOURISH SOFTWARE INC	GA	ATLANTA
FUSION LIFE SCIENCES TECHNOLOGIES	GA	ALPHARETTA
FUTURETECH CONSULTANTS LLC	GA	NORCROSS
GALLEGA SOFTWARE SOLUTIONS INC	GA	ALPHARETTA
GG  TECH GLOBAL INC	GA	CUMMING
GLOBAL INFOTECH LLC	GA	CUMMING
GSLV TECHNOLOGIES LLC	GA	ALPHARETTA
IBS SOFTWARE AMERICAS INC FKA IBS SOFTWARE SERVICES AMERICAS INC	GA	ATLANTA
ICE DATA ANALYTICS LLC	GA	ATLANTA
ICE DATA CONNECTIVITY & FEEDS INC	GA	ATLANTA
ICE DATA INDICES LLC	GA	ATLANTA
ICE DATA PRICING & REFERENCE DATA LLC	GA	ATLANTA
ICE DATA SERVICES INC	GA	ATLANTA
ICE MORTGAGE TECHNOLOGY INC	GA	ATLANTA
ICON TECHNOLOGIES INC	GA	ALPHARETTA
IMPLEMENTATION TECHNOLOGIES CONSULTING INC	GA	ALPHARETTA
INFOSMART TECHNOLOGIES INC	GA	SUWANEE
INFOTECH PRISM LLC DBA CIRRUSLABS	GA	ALPHARETTA
INTEGRATED SCIENCE AND TECHNOLOGY INC	GA	CARTERSVILLE
JJ TECH SYSTEMS INC	GA	ALPHARETTA
KAIZEN ANALYTIX LLC	GA	ATLANTA
KGS TECHNOLOGY GROUP INC	GA	ALPHARETTA
KPTECH LLC	GA	ATLANTA
KRIDDHA TECHNOLOGIES INC	GA	ALPHARETTA
KSAP TECHNOLOGIES INC	GA	ALPHARETTA
KYROS SOFTWARE SOLUTIONS LLC	GA	CUMMING
LAMBDA SOFTWARE SERVICES LLC	GA	ALPHARETTA
LEXISNEXIS RISK DATA MANAGEMENT INC	GA	ALPHARETTA
LNRS DATA SERVICES INC	GA	ALPHARETTA
MEDHA TECHNOLOGIES LLC	GA	ALPHARETTA
MERIDIAN COOPERATIVE INC FORMERLY KNOWN AS SOUTHEASTERN DATA COOPERATIVE	GA	ATLANTA
MERIDIAN SOFTWARE SOLUTIONS INC	GA	NORCROSS
MILLETECH SYSTEMS INC	GA	ALPHARETTA
MITRA CAPITAL GROUP LLC DBA JUPITER TECHNOLOGIES	GA	CUMMING
MONARCH INFOTECH SERVICES LLC	GA	DULUTH
MSYS TECHNOLOGIES LLC	GA	ALPHARETTA
NAM TECHNOLOGIES INC	GA	ALPHARETTA
NAVAYUGA INFOTECH LLC DBA NAVTECH LLC	GA	MARIETTA
NISSI SOFTWARE SOLUTIONS INC	GA	ALPHARETTA
NORTHSTAR SOFTWARE SERVICES GROUP LLC	GA	ATLANTA
NORTHSTAR TECHNOLOGIES INC	GA	ALPHARETTA
NOVELTY INFOTECH INC	GA	ALPHARETTA
NOVILAND TECHNOLOGIES INC	GA	DULUTH
NUTECH SYSTEMS INC	GA	ATLANTA
OCHER TECHNOLOGY GROUP	GA	ALPHARETTA
OPTIMAL TECHNOLOGIES INC	GA	LAWRENCEVILLE
ORDUSION TECHNOLOGIES INC.	GA	DULUTH
OSA OPERATIONS LLC	GA	ALPHARETTA
OT TECHNOLOGY INC	GA	ATLANTA
PALATIAL TECHNOLOGIES INC	GA	CUMMING
PARAMOUNT SOFTWARE SOLUTIONS INC	GA	ALPHARETTA
PI SOFTWARE SOLUTIONS INC	GA	CUMMING
POLARIS ASSOCIATES INC DBA ORBIT ANALYTICS	GA	ALPHARETTA
PRISM TECH CONSULTING INC	GA	ALPHARETTA
PROARCH TECHNOLOGIES INC FORMERLY PROARCH IT SOLUTIONS INC	GA	ATLANTA
PROFESSIONAL DATASOLUTIONS INC	GA	ALPHARETTA
PROLIFIC TECHNOLOGIES INC	GA	ALPHARETTA
PROWESS SOFTWARE SERVICES LLC	GA	ATLANTA
R2 TECHNOLOGIES CORPORATION	GA	ALPHARETTA
RADIANT TECHNOLOGIES INC	GA	ALPHARETTA
RAPIDIT CLOUDBERA INC	GA	ALPHARETTA
REACT TECHNOLOGIES LLC	GA	ALPHARETTA
REACT TECHNOLOGIES LLC	GA	CUMMING
RELEVANTZ TECHNOLOGY SERVICES INC	GA	ALPHARETTA
RETAIL MANAGEMENT SERVICES CORP D B A ROOMS TO GO	GA	ATLANTA
RETAIL MANAGEMENT SERVICES CORP D B A ROOMS TO GO	GA	BROOKHAVEN
RIGHTDATA INC	GA	ATLANTA
RWALTZ SOFTWARE SERVICES GROUP INC	GA	ALPHARETTA
S3 INFOTECH SOLUTIONS LLC	GA	ALPHARETTA
S9 TECHNOLOGIES INC	GA	ALPHARETTA
S9 TECHNOLOGIES INC	GA	JOHNS CREEK
SABIO INFOTECH INC	GA	ALPHARETTA
SADUP SOFTECH LLC	GA	DULUTH
SADUP SOFTECH LLC	GA	JOHNS CREEK
SAGE SOFTWARE INC	GA	ATLANTA
SAIIRA LLC	GA	SUWANEE
SAMURAI INFOTECH LLC	GA	SUWANEE
SARK TECHNOLOGY SOLUTIONS LLC	GA	ATLANTA
SAVI TECHNOLOGIES INC	GA	SUWANEE
SERENITY INFOTECH INC	GA	SUWANEE
SEW TECH INC DBA METHODHUB	GA	ALPHARETTA
SHIVANI TECHNOLOGIES LLC	GA	DULUTH
SHRPTECH LLC	GA	ALPHARETTA
SHVINTECH INC	GA	ALPHARETTA
SINGAREDDY INFORMATION TECHNOLOGIES INC	GA	LAWRENCEVILLE
SIRI TECH LLC	GA	ATLANTA
SL TECHKNOW INC	GA	ALPHARETTA
SOFTECH INTERNATIONAL RESOURCES INC	GA	NORCROSS
SOFTECH INTERNATIONAL RESOURCES INC	GA	PEACHTREE CORNERS
SOLGENIE TECHNOLOGIES INC	GA	NORCROSS
SPLASH BUSINESS INTELLIGENCE INC	GA	DULUTH
SUN CLOUD LLC	GA	ALPHARETTA
SUN TECHNOLOGIES INC	GA	ALPHARETTA
SUNLIGHT TECHNOLOGIES INC	GA	SUWANEE
SUNPLUS DATA GROUP INC	GA	LAWRENCEVILLE
SUPPLY CHAIN TECHNOLOGIES LLC DBA SCE LLC	GA	MARIETTA
SV TECH INC	GA	CUMMING
SYNAPSE TECHNOLOGIES LLC	GA	ATLANTA
SYRAINFOTEK LLC DBA CLOUDQ	GA	ALPHARETTA
TANZO TECHNOLOGIES LLC	GA	ALPHARETTA
TCI CRM LLC DBA TECHNOLAB CRM	GA	ATLANTA
TECHCONNECT INC	GA	CUMMING
TECHFIELD LLC	GA	ATLANTA
TECHNOSQUARE INC	GA	ROSWELL
TECHPILLARS INC	GA	ATLANTA
TECHSERA INC	GA	MARIETTA
TECHWORK FORCE LLC	GA	SUWANEE
TERADATA US INC	GA	NORCROSS
THE OMNITRUST TECHNOLOGIES LLC	GA	ALPHARETTA
TOGETHERWORK OPERATIONS LLC DBA TOGETHERWORK LLC	GA	ATLANTA
TRINITY SOFTWARE SOLUTIONS LLC	GA	CUMMING
TRUMP MEDIA TECHNOLOGY GROUP CORP	GA	ATLANTA
TUBMAN TECHNOLOGIES INC	GA	ALPHARETTA
UNICORN TECHNOLOGIES LLC	GA	ALPHARETTA
UP2DATE TECHNOLOGIES LLC	GA	ALPHARETTA
URSI TECHNOLOGIES INC	GA	ALPHARETTA
V2SOFTWARE TECHNOLOGIES LLC	GA	ALPHARETTA
VAISH TECHNOLOGIES LLC	GA	CUMMING
VECIMA TECHNOLOGY INC	GA	DULUTH
VENSAI TECHNOLOGIES INC	GA	CUMMING
VERINOVA TECHNOLOGIES, LLC.	GA	ALPHARETTA
VERVENEST TECHNOLOGIES INC	GA	ATLANTA
VIKING CLOUD INC	GA	ATLANTA
VOLTEX TECHNOLOGIES INC	GA	MCDONOUGH
VUESOL TECHNOLOGIES INC	GA	ALPHARETTA
WARREN AND CARTER TECHNOLOGIES INC	GA	CUMMING
WELKIN TECHNOLOGIES LLC	GA	ALPHARETTA
WINDSUN TECHNOLOGIES LLC	GA	CUMMING
WORLDWIDE TECHNOLOGY EXCHANGE LTD	GA	ALPHARETTA
Z3 TECHNOLOGIES INC	GA	DULUTH
ACTIVECAMPAIGN LLC	IL	CHICAGO
ADIFICE LLC DBA ADIFICE TECHNOLOGIES	IL	CHICAGO
ADIFICE LLC DBA ADIFICE TECHNOLOGIES	IL	NILES
ADVANCED ANALYTICS LLC DBA HEXSTREAM	IL	CHICAGO
AGEATIA TECHNOLOGY CONSULTANCY SERVICES INC	IL	SCHAUMBURG
AGILE HEALTH TECHNOLOGIES INC	IL	NAPERVILLE
AIM BIG INC DBA AXIOM TECHNOLOGY GROUP INC	IL	OAK BROOK
AIQUIRE INC DBA PIXIS	IL	CHICAGO
AIR SEA TRANSPORT CHICAGO INC	IL	BENSENVILLE
AK INFORMATION TECHNOLOGIES INC	IL	ROLLING MDWS
AK INFORMATION TECHNOLOGIES INC	IL	ROLLING MEADOWS
AL KAISER INC	IL	ELGIN
AMEEX TECHNOLOGIES CORP	IL	SCHAUMBURG
AMERICAN INFRASTRUCTURE TECHNOLOGIES INC	IL	WHEATON
AMERICLOUD SOLUTIONS INC	IL	SCHAUMBURG
AMERICLOUD TELECOM SOLUTIONS LLC	IL	SCHAUMBURG
AMERITECH GLOBAL INC	IL	NAPERVILLE
AMVOTECH SOLUTIONS INC	IL	OAKBROOK TERRACE
AMVOTECH SOLUTIONS INC	IL	VILLA PARK
ANALYTICS QUOTIENT INC	IL	LISLE
ANDHUS TECHNOLOGIES INC	IL	ITASCA
APEX FINTECH SERVICES LLC	IL	CHICAGO
APPLICATIONS SOFTWARE TECHNOLOGY LLC	IL	LISLE
AQL TECHNOLOGIES INC	IL	PARK RIDGE
ARCUS TECHNOLOGIES DBA KAT TECH SYSTEMS INC	IL	ARLINGTON HEIGHTS
ARCUS TECHNOLOGIES DBA KAT TECH SYSTEMS INC	IL	ARLINGTON HTS
AVION TECHNOLOGY INC	IL	ARLINGTON HEIGHTS
AVIS TECHNOLOGIES LLC	IL	CHICAGO
BASIS GLOBAL TECHNOLOGIES INC	IL	CHICAGO
BEYOND TECHNOLOGIES LLC	IL	CHICAGO
BINARY TECH CONSULTING CORP	IL	NAPERVILLE
BITSIGHT TECHNOLOGIES INC	IL	CHICAGO
BIZTEGY ANALYTICS INC	IL	BUFFALO GROVE
BLOCK CHAIN TECHNOLOGY SOLUTIONS INC	IL	PALATINE
BLUE BRISS TECHNOLOGIES INC	IL	NILES
BRAINTREE TECHNOLOGY SOLUTIONS LLC	IL	PLAINFIELD
CDW TECHNOLOGIES LLC	IL	VERNON HILLS
CHASTAIN ASSOCIATES LLC	IL	DECATUR
CHINAPRO MARKETING PARTNERS INC	IL	CHICAGO
CIVILTECH ENGINEERING INC	IL	ITASCA
CLOUD 9 INFOSYSTEMS INC.	IL	DOWNERS GROVE
CLOUDSTALL INC	IL	WARRENVILLE
CMC TECH LLC	IL	CHICAGO
CONSTRUCTION TECHNOLOGY LABORATORIES INC DBA CTLGROUP	IL	SKOKIE
CPC TECHNOLOGIES LLC	IL	ARLINGTON HEIGHTS
CTI INFOTECH INC	IL	ITASCA
CURO FINANCIAL TECHNOLOGIES	IL	CHICAGO
CVTECH INNOVATIONS LLC	IL	BUFFALO GROVE
CYLON TECHNOLOGIES INC	IL	CHICAGO
DATADELIVERS LLC	IL	SCHAUMBURG
DATAEDGE INC	IL	ITASCA
DATAMETICA SOLUTIONS INCORPORATED	IL	HIGHLAND PARK
DATASSENTIAL	IL	CHICAGO
EDIFY TECHNOLOGIES INC	IL	NAPERVILLE
ENERGY DRIVEN TECHNOLOGIES LLC	IL	CHAMPAIGN
ENKAY TECHNOLOGY SOLUTIONS INC DBA ENKAYTECH	IL	LISLE
ENNVEE TECHNOGROUP INC	IL	NAPERVILLE
ENTELLECTS CORPORATION DBA BEE DATA TECHNOLOGY	IL	ROLLING MDWS
ENTELLECTS CORPORATION DBA BEE DATA TECHNOLOGY	IL	ROLLING MEADOWS
EPCOT TECHNOLOGIES INC	IL	ARLINGTON HEIGHTS
FAROOQI & HUSAIN LLC	IL	OAKBROOK TERRACE
FLEXERA SOFTWARE LLC	IL	ITASCA
FORTUNET TECHNOLOGIES INC	IL	BUFFALO GROVE
FRONTIER TECHNOLOGIES LLC	IL	NAPERVILLE
GAINSYSTEMS INC	IL	CHICAGO
GAMMA TECHNOLOGIES LLC	IL	WESTMONT
GANNU SOFTWARE INC	IL	SCHAUMBURG
GATI TECH INC	IL	SCHAUMBURG
GLENYSYS TECHNOLOGIES INC	IL	AURORA
GLOBAL INFOTECH INC	IL	SCHAUMBURG
GRAINGER CORPORATE SERVICES LLC	IL	LAKE FOREST
HARWARD TECHNOLOGIES LLC	IL	HAMPSHIRE
HDVI TECHNOLOGIES INC	IL	CHICAGO
HEADLANDS TECH ORGANIZATION LLC	IL	CHICAGO
HEALTH INTELLIGENCE COMPANY LLC DBA BLUE HEALTH INTELLIGENCE	IL	CHICAGO
HEPTAWARE TECHNOLOGIES INC	IL	AURORA
HSBC TECHNOLOGY SERVICES USA INC	IL	ARLINGTON HEIGHTS
HSBC TECHNOLOGY SERVICES USA INC	IL	CHICAGO
ICRUSH TECHNOLOGIES LLC	IL	WESTMONT
ILANTUS TECHNOLOGIES PVT LTD	IL	SCHAUMBURG
INSTITUTE OF GAS TECHNOLOGY D/B/A GAS TECHNOLOGY INSTITUTE	IL	DES PLAINES
INTERNATIONAL BUSINESS TECHNOLOGIES INC	IL	AURORA
IVY TECH SOLUTIONS INC	IL	ARLINGTON HEIGHTS
JUMP OPERATIONS LLC	IL	CHICAGO
KALVEN TECHNOLOGIES INC	IL	SCHAUMBURG
KERNEL TRADING TECHNOLOGIES LP	IL	CHICAGO
KIP INFORMATION TECHNOLOGIES INC	IL	ARLINGTON HEIGHTS
KODAI CAPITAL MANAGEMENT LP	IL	CHICAGO
L T TECH SOLUTIONS INC	IL	NORTHBROOK
LKIS TECHNOLOGIES INC	IL	NAPERVILLE
LORSIV TECHNOLOGIES INC	IL	LISLE
LORVEN BPM TECHNOLOGIES LLC	IL	LISLE
MACHINERY MARKETING INTERNATIONAL LLC	IL	CHICAGO
MAJORKEY TECHNOLOGIES INC	IL	OAKBROOK TERRACE
MARKET LOGIC SOFTWARE INC	IL	CHICAGO
MARKETING CARD TECHNOLOGY LLC	IL	DOWNERS GROVE
MARVELOUS TECHNOLOGIES INC	IL	GURNEE
MASUDA FUNAI EIFERT MITCHELL LTD	IL	CHICAGO
MAXIL TECHNOLOGY SOLUTIONS INC	IL	OAK BROOK
MERIDIAN TECHNOLOGY SOLUTIONS INC	IL	OAK BROOK
MERIDIAN TECHNOLOGY SOLUTIONS INC	IL	OAKBROOK
MG CLOUD TECHNOLOGIES LLC	IL	SCHAUMBURG
MIRAGE SOFTWARE INC DBA BOURNTEC SOLUTIONS	IL	SCHAUMBURG
MOTHERSON TECHNOLOGY SERVICES USA LIMITED	IL	SCHAUMBURG
N2FORCE TECHNOLOGIES INC	IL	NAPERVILLE
NEXEON TECHNOLOGY BUSINESS SERVICES LLC	IL	WARRENVILLE
NITOR INFOTECH INC	IL	SCHAUMBURG
NUBUSTECHNO INC	IL	SCHAUMBURG
NUMERIC TECHNOLOGIES INC	IL	WARRENVILLE
ONWARD TECHNOLOGIES INC	IL	DES PLAINES
ONWARD TECHNOLOGIES INC	IL	ROSEMONT
OPTIME TECH LLC	IL	NAPERVILLE
OROCHEM TECHNOLOGIES INC	IL	NAPERVILLE
PANDO.AI INC	IL	CHICAGO
PARETO INTELLIGENCE LLC	IL	CHICAGO
PATIENT POINT HEALTH TECHNOLOGIES LLC DBA PATIENTPOINT	IL	CHICAGO
PEAK6 INSURTECH SERVICES LLC	IL	CHICAGO
PETERSON TECHNOLOGY PARTNERS INC	IL	PARK RIDGE
PLANET TECHNOLOGY LLC	IL	WESTERN SPRINGS
POLAR OPERATIONS LLC DBA IMC MARKETS	IL	CHICAGO
PRORSUM TECHNOLOGIES INC	IL	ITASCA
PROTERA TECHNOLOGIES INC	IL	WESTCHESTER
PSQUARE TECHNOLOGIES LLC	IL	AURORA
PTS CONSULTING SERVICES LLC DBA PROCURETECH STAFF CONSULTING SERVICES	IL	NAPERVILLE
Q1 TECHNOLOGIES INC	IL	AURORA
QBRAID CO	IL	CHICAGO
RCUBE TECHNOLOGY INC	IL	BLOOMINGTON
REDMANE TECHNOLOGY LLC	IL	CHICAGO
REX TECHNOLOGY SOLUTIONS INC	IL	NAPERVILLE
ROBOT INSIGHT TECHNOLOGIES	IL	ROLLING MEADOWS
SCALE MARKETING LLC	IL	CHICAGO
SENTINEL TECHNOLOGIES INC	IL	DOWNERS GROVE
SERVOTECH INC	IL	CHICAGO
SEVEN CLOUD CONSULTING GROUP INC	IL	LINCOLNWOOD
SILKROAD TECHNOLOGY INC	IL	CHICAGO
SLIGO SOFTWARE INC	IL	NAPERVILLE
SOCIAL MARKET ANALYTICS INC	IL	CHICAGO
SOFTAL TECHNOLOGIES DBA MOJO TREK	IL	CHICAGO
SOFTTUNE TECHNOLOGIES INC	IL	ITASCA
STAFFIGO TECHNICAL SERVICES LLC	IL	WOODRIDGE
STERLITE SOFTWARE USA INC	IL	OAK PARK
STRAIGHTIN INC	IL	CHICAGO
STRATA DECISION TECHNOLOGY LLC	IL	CHICAGO
SYSTEMDOMAIN INC	IL	WARRENVILLE
TECH CLUB INC	IL	LINCOLNSHIRE
TECHIE BRAINS INCORPORATED	IL	MCLEAN
TECHIE BRAINS INCORPORATED	IL	NORMAL
TEK ANALYTICS LLC	IL	SCHAUMBURG
THE MOSAIC FINANCIAL GROUP LLC	IL	CHICAGO
THE MOST GROUP INC DBA SIMPLIFY HEALTHCARE TECHNOLOGY	IL	AURORA
THOUGHTLINE TECHNOLOGIES INC	IL	LAKE IN THE HILLS
THOUGHTWAVE SOFTWARE AND SOLUTIONS INC	IL	AURORA
TRADING TECHNOLOGIES INTERNATIONAL INC	IL	CHICAGO
TRANSPORTATION TECHNOLOGY TRANSFER INC	IL	WHITE HEATH
TRIANZ CONSULTING AND TECH SERVICES INC	IL	CHICAGO
TWOPIRADIAN INFOTECH LLC	IL	CHICAGO
UNICOM TECHNOLOGIES INC	IL	LISLE
US SOFTWARE PROFESSIONALS INC	IL	CHICAGO
UTURN DATA SOLUTIONS LLC	IL	CHICAGO
VAIKUN CORPORATION	IL	PLAINFIELD
VENSAR TECHNOLOGY INC	IL	SCHAUMBURG
VERINON TECHNOLOGY SOLUTIONS LTD	IL	ARLINGTON HEIGHTS
VIATECHNIK LLC	IL	CHICAGO
VIRTUALAN SOFTWARE LLC	IL	NAPERVILLE
VISTALTECH INC	IL	WHEELING
VUEGEN TECHNOLOGIES INC	IL	HOFFMAN ESTATES
WATCH TOWER TECHNOLOGIES INC DBA THREEFLOW	IL	CHICAGO
WAVICLE DATA SOLUTIONS LLC	IL	CHICAGO
WAVICLE DATA SOLUTIONS LLC	IL	OAK BROOK
WHATS NEXT MEDIA AND ANALYTICS LLC DBA PYMNTS COM	IL	CHICAGO
WILLIAM BLAIR COMPANY LLC	IL	CHICAGO
WINDYCITY TECHNOLOGIES INC	IL	CHICAGO
WISETECH GLOBAL U S INC	IL	SCHAUMBURG
WOLVERINE TRADING TECHNOLOGIES LLC	IL	CHICAGO
XSELL TECHNOLOGIES INC	IL	CHICAGO
YASH TECHNOLOGIES INC	IL	EAST MOLINE
ZENSAR TECHNOLOGIES INC	IL	CHICAGO
ZENVIRO TECH US INC	IL	CRYSTAL LAKE
ZIFO TECHNOLOGIES INC	IL	DEERFIELD
24M TECHNOLOGIES INC	MA	CAMBRIDGE
ADAPTIVE SURFACE TECHNOLOGIES INC	MA	CAMBRIDGE
ADROIT SOFTWARE INC	MA	WESTBOROUGH
AIR WORLDWIDE	MA	BOSTON
AIRSLATE INC	MA	BROOKLINE
AIRWORKS SOLUTIONS INC	MA	BOSTON
AITEK INC	MA	DEDHAM
AKAMAI TECHNOLOGIES INC	MA	CAMBRIDGE
ALEGEUS TECHNOLOGIES LLC	MA	WALTHAM
APIORI TECHNOLOGIES INC	MA	CONCORD
APOLLO INTELLIGENCE OPERATING LLC	MA	WATERTOWN
ARVIN ACME TECHNOLOGIES INC	MA	TYNGSBORO
ASPENTECH CORPORATION	MA	BEDFORD
AZTEC TECHNOLOGIES, INC.	MA	FOXBORO
BAIM INSTITUTE FOR CLINICAL RESEARCH	MA	BOSTON
BAIN & COMPANY INC	MA	BOSTON
BAIN CAPITAL LP	MA	BOSTON
BFLY OPERATIONS INC	MA	BURLINGTON
BIONTECH US INC	MA	CAMBRIDGE
BITSIGHT TECHNOLOGIES INC	MA	BOSTON
BOSTON DATA PRO LLC	MA	WESTBOROUGH
BOSTON INSTITUTE OF BIOTECHNOLOGY LLC	MA	SOUTHBOROUGH
BOSTON TECHNOLOGY REASERCH CORPORATION	MA	CHELSEA
BUAUT TECHNOLOGIES LLC	MA	ARLINGTON
CELL SIGNALING TECHNOLOGY INC	MA	DANVERS
CHARLES HUDSON TECHNOLOGY SOLUTIONS INC	MA	CAMBRIDGE
CLARIO FKA ERESEARCH TECHNOLOGY INC	MA	MEDFORD
CLOUD BRIDGE SOLUTIONS INC	MA	MARLBOROUGH
CYBERARK SOFTWARE INC	MA	NEWTON CENTER
CYBERARK SOFTWARE USA LP	MA	NEWTON CENTER
DATAGALAXY INC	MA	CAMBRIDGE
DATAKITCHEN INC	MA	CAMBRIDGE
DATAROBOT INC	MA	BOSTON
DIAMOND AGE DATA SCIENCE LLC	MA	SOMERVILLE
DISPATCH TECHNOLOGIES INC	MA	BOSTON
DUCK CREEK TECHNOLOGIES LLC	MA	BOSTON
ELEVATEBIO TECHNOLOGIES INC	MA	WALTHAM
EZE CASTLE SOFTWARE LLC	MA	BOSTON
FINANCIAL RECOVERY TECHNOLOGIES LLC	MA	MEDFORD
FIRST LINE SOFTWARE INC	MA	CAMBRIDGE
FORSIGHT TECHNOLOGIES INC	MA	CAMBRIDGE
FOUR COLORS TECHNOLOGY LLC	MA	SHREWSBURY
FRONTIER SCIENCE AND TECHNOLOGY RESEARCH FOUNDATION INC	MA	BROOKLINE
FULL SPECTRUM SOFTWARE LLC	MA	SOUTHBOROUGH
GENELEAP BIOTECH LLC	MA	WOBURN
GOTO TECHNOLOGIES USA INC	MA	BOSTON
GRADIENT AI CORP	MA	BOSTON
HANCOCK SOFTWARE INC	MA	FRAMINGHAM
HEALTHEDGE SOFTWARE INC	MA	BURLINGTON
HIQ TECHNOLOGIES LLC	MA	HOLLISTON
INSTITUTE FOR FUTURE INTELLIGENCE INC	MA	NATICK
IRON MOUNTAIN INFORMATION MANAGEMENT LLC	MA	BOSTON
JD SOFTWARE INC	MA	SALEM
KENSHO TECHNOLOGIES LLC	MA	CAMBRIDGE
KOMODO TECHNOLOGIES LLC	MA	DORCHESTER
KRAFT ANALYTICS GROUP KAGR LLC	MA	BOSTON
KRAFT ANALYTICS GROUP KAGR LLC	MA	FOXBORO
LIAISON INTERNATIONAL LLC	MA	WATERTOWN
LIBERTY MUTUAL TECHNOLOGY GROUP INC	MA	BOSTON
LOTUS AUTOMATION USA INC DBA LOTUSWORKS INC	MA	MEDFORD
LUMINA DATAMATICS INC	MA	NORWELL
MAGENTA THERAPEUTICS INC	MA	CAMBRIDGE
MAHSA KHANBABAI DBA KHANBABAI IMMIGRATION LAW	MA	NORTH EASTON
METALOR TECHNOLOGIES USA CORPORATION	MA	NORTH ATTLEBORO
MIRAI-ADVISORY USA INC	MA	BOSTON
MONTAI HEALTH INC	MA	CAMBRIDGE
NEON TECH SYSTEMS INC	MA	MARLBOROUGH
NETBRAIN TECHNOLOGIES INC	MA	BURLINGTON
NETCRACKER TECHNOLOGY CORPORATION	MA	WALTHAM
OCD TECH LLC	MA	BRAINTREE
ODYSSEUS DATA SERVICES INC	MA	CAMBRIDGE
OVERDRIVE MARKETING COMMUNICATIONS LLC DBA OVERDRIVE INTERACTIVE	MA	ALLSTON
PATHAI INC	MA	BOSTON
PERFORMANCE ARCHITECHTS INC	MA	BOSTON
PINNACLE TECHNOLOGY PARTNERS INC	MA	NORWOOD
PRECISELY SOFTWARE INCORPORATED	MA	BURLINGTON
PRIME SOFTWARE TECHNOLOGIES INC	MA	WOBURN
PRN SOFTWARE LLC DBA DOSESPOT	MA	DEDHAM
PROGRESS SOFTWARE	MA	BURLINGTON
PURETECH MANAGEMENT INC	MA	BOSTON
Q-SQUARE BUSINESS INTELLIGENCE CORP	MA	BOXBOROUGH
QUANTUMID TECHNOLOGIES, INC.	MA	CAMBRIDGE
RANDSTAD TECHNOLOGIES LLC	MA	ANDOVER
RANDSTAD TECHNOLOGIES LLC	MA	WOBURN
RANSTAD TECHNOLOGIES LLC	MA	WOBURN
REVENUE SOLUTIONS INC	MA	PEMBROKE
ROCKET SOFTWARE INC	MA	WALTHAM
SAINI TECH SERVICES INC	MA	MALDEN
SHARED TECHNOLOGY SERVICES GROUP INC	MA	BOSTON
SHIFT TECHNOLOGY INC	MA	BOSTON
SIMON-KUCHER & PARTNERS STRATEGY & MARKETING CONSULTANTS LLC	MA	BOSTON
SQZ BIOTECHNOLOGIES COMPANY	MA	WATERTOWN
STARBURST DATA INC	MA	BOSTON
SWAY AI INC	MA	BURLINGTON
TECH DYNAMIX IT SERVICES LLC	MA	WESTBOROUGH
TECHLOGIX INC	MA	WOBURN
TECHMORGONITE SOFTWARE SOLUTIONS LLC	MA	LAWRENCE
TECHNO BYTES INC	MA	ASHLAND
TEKNICLOUD INC	MA	NATICK
THE BSST SOFTWARE GROUP D/B/A THE BOSTON GROUP	MA	NORTHBOROUGH
TITAN.IUM PLATFORM LLC	MA	LOWELL
TRIGENT SOFTWARE INC	MA	FAYVILLE
TUFIN SOFTWARE NORTH AMERICA INC	MA	BOSTON
WASABI TECHNOLOGIES LLC	MA	BOSTON
XINTHE TECHNOLOGIES PRIVATE LIMITED	MA	WOBURN
XPERTTECH INC	MA	BOSTON
AADHYA INFOTECH LLC	NC	CHARLOTTE
ACR TECHNOLOGY LLC	NC	CARY
ALPHIND SOFTWARE SOLUTIONS INC	NC	CHARLOTTE
ALTEN TECHNOLOGY USA INC	NC	GREENSBORO
AMKO SOFTWARE SOLUTIONS INC	NC	CHARLOTTE
AVAST SOFTWARE INC	NC	CHARLOTTE
BEETLEAI SOLUTIONS LLC	NC	APEX
CANDORSOFT TECHNOLOGIES LLC	NC	CARY
CELORIS TECH LLC	NC	CHARLOTTE
CHEETAH NET SUPPLY CHAIN SERVICES INC	NC	CHARLOTTE
CLOUD NINE TEK LLC	NC	CHARLOTTE
CLOUD SPACE LLC	NC	CHARLOTTE
CONTROL INFOTECH INC	NC	MORRISVILLE
CORE CLOUD TECHNOLOGIES LLC	NC	CHARLOTTE
DATA ANALYTIX LLC	NC	WAXHAW
DATALORE TECHNOLOGIES INC	NC	MORRISVILLE
DATALORE TECHNOLOGIES INC	NC	RALEIGH
DB GLOBAL TECHNOLOGY INC	NC	CARY
E-EMPHASYS TECHNOLOGIES INC	NC	CARY
EMCUBE TECHNOLOGIES INC	NC	CHARLOTTE
ENOVA TECHNOLOGY SOLUTIONS LLC	NC	CHARLOTTE
ETTAIN GROUP INC	NC	CHARLOTTE
EVERSOFT TECHNOLOGIES LLC	NC	CHARLOTTE
FEATHER TECHNOLOGIES INC	NC	CARY
GAIT SOLUTIONS LLC	NC	DURHAM
GENESIS GLOBAL FINTECH INC	NC	CHARLOTTE
HIGHBROW TECHNOLOGY INC	NC	CARY
ICLOUD NOW LLC	NC	MORRISVILLE
INSIGHTSOFTWARE LLC	NC	RALEIGH
INTELLIGRATED SOFTWARE LLC	NC	CHARLOTTE
JAVANTECH INC	NC	GREENSBORO
JPS TECH SOLUTIONS LLC	NC	MORRISVILLE
KAIZEN SOFTWARE SYSTEMS INC	NC	CHARLOTTE
KINGSMEN SOFTWARE LLC	NC	CHARLOTTE
KUBE CLOUDS INC	NC	CARY
LENOVO GLOBAL TECHNOLOGY UNITED STATES INC	NC	MORRISVILLE
MARVEL TECH GROUP INC	NC	DURHAM
MIDREX TECHNOLOGIES INC	NC	CHARLOTTE
NATIONAL COUNCIL FOR AIR & STREAM IMPROVEMENT INC	NC	CARY
NENINE TECHNOLOGIES INC	NC	APEX
NOVELTY TECHNOLGY LLC	NC	CHARLOTTE
NOYO TECHNOLOGIES INC	NC	DURHAM
NTECH INTERNATIONAL LLC	NC	CHARLOTTE
PERIGON INFOTECH INC	NC	DURHAM
PURSUIT TECHNOLOGY INC	NC	CHARLOTTE
QUANTA TECHNOLOGY LLC	NC	RALEIGH
RADCOM SOFTWARE SERVICES LLC	NC	DURHAM
RAILINC	NC	CARY
REFULGENT TECHNOLOGIES INC	NC	CHARLOTTE
REVEILLE TECHNOLOGIES, INC.	NC	CHARLOTTE
SAHAA SOLUTIONS LLC DBA DATABRACKETS AND EHR 2 0	NC	CARY
SMARTINT TECHNOLOGIES LLC	NC	DURHAM
SOURCE CLOUD TECHNOLOGIES INC	NC	APEX
SPECTRAFORCE TECHNOLOGIES INC	NC	RALEIGH
ST TECH INC	NC	CARY
STAT9 TECHNOLOGIES INC	NC	CARY
SUNTECHPROS INC	NC	MORRISVILLE
SYNOLIGO BIOTECHNOLOGIES INC	NC	MORRISVILLE
SYSTEMATIX INFOTECH INC	NC	CHARLOTTE
TECH JOB AID LLC	NC	FUQUAY VARINA
TECHMYNDS INC	NC	CHARLOTTE
TECHNODEED LLC	NC	MORRISVILLE
TECHNOSOFT ENGINEERING INC	NC	MORRISVILLE
TECHNOSOFT SERVICES INC	NC	MORRISVILLE
TECHS EDGE INC	NC	CONCORD
TECHSUFFICE LLC	NC	CHARLOTTE
TECHVISION INC	NC	CARY
TGS TECHNOLOGY LLC	NC	WAXHAW
TORQATA DATA AND ANALYTICS	NC	HUNTERSVILLE
TORQUE TECHNOLOGIES LLC	NC	CARY
VENCEDOR SOFTWARE GROUP INC	NC	CARY
VERTEX ANALYTICS INC	NC	CHARLOTTE
VR ITECH CONSULTING LLC	NC	DURHAM
WINSAI LLC	NC	MORRISVILLE
XENIA RETAIL INC	NC	YOUNGSVILLE
ZELECLOUD LLC	NC	RALEIGH
1010DATA SERVICES LLC DBA 1010DATA	NY	NEW YORK
18 MAIN MANAGEMENT LLC	NY	NEW YORK
ACCORD SOFTWARE LLC	NY	ALBANY
ACUVATE SOFTWARE INC	NY	NEW YORK
AIRACER INC	NY	FLUSHING
AIRCORE INC	NY	BROOKLYN
AIROSMITH INC	NY	SARATOGA SPRINGS
AKAI KAERU LLC	NY	NEW YORK
ALPHA 1 MARKETING CORPORATION	NY	WEST HARRISON
ALPHAPRIMETECH INC	NY	HICKSVILLE
ALTANA TECHNOLOGIES INC	NY	BROOKLYN
AMERICA TO GO LLC DBA ATG FINANCIAL TECHNOLOGIES	NY	NEW YORK
AMERICAN SOFTWARE RESOURCES INC	NY	WOODMERE
AMERICAN TECHNOLOGY LABS INC	NY	CLIFTON PARK
ARCHITECTURAL INTELLIGENCE DPC DBA AI	NY	NEW YORK
ARENA PLATFORM INC	NY	NEW YORK
ARENA TECHNOLOGIES INC	NY	NEW YORK
ARGUS SOFTWARE INC	NY	NEW YORK
ARTHUR AI INC	NY	NEW YORK
ASPIRE TECH SERVICES AND SOLUTIONS CORP.	NY	JACKSON HEIGHTS
AVANI TECHNOLOGY SOLUTIONS INC	NY	ROCHESTER
BAHA INDUSTRIES CORP DBA OPEN SYSTEMS TECHNOLOGIES INC	NY	NEW YORK
BEACON PLATFORM INCORPORATED	NY	NEW YORK
BETA PLUS TECHNOLOGIES INC DBA BETANXT	NY	NEW YORK
BETTERCLOUD INC	NY	NEW YORK
BGC TECHNOLOGY MARKETS LP	NY	NEW YORK
BLAIR MUI DOWD ARCHITECTS PC	NY	NEW YORK
BLINK BUSINESS TECHNOLOGIES INC	NY	NEW YORK
CALYPSO TECHNOLOGY INC	NY	NEW YORK
CANTOR FITZGERALD TECHNOLOGY MARKETS LLC	NY	NEW YORK
CAPTAIN BLUE LLC	NY	BRONX
CAST SOFTWARE INC	NY	NEW YORK
CATALYST SOFTWARE CORPORATION	NY	NEW YORK
CERBERUS TECHNOLOGY SOLUTIONS LLC	NY	NEW YORK
CERTIFIED KERNEL TECH LLC	NY	NEW YORK
CHAINALYSIS INC	NY	NEW YORK
CHIPS TECHNOLOGY GROUP INC	NY	SYOSSET
CINTRA SOFTWARE SERVICES INC	NY	NEW YORK
CITIGROUP TECHNOLOGY INC	NY	NEW YORK
CLAIRE WEISZ ARCHITECTS LLP	NY	NEW YORK
CLEAN AIR CAR SERVICE & PARKING CORP.	NY	FLUSHING
CMI MARKETING INC DBA CAFEMEDIA	NY	NEW YORK
COLLEGE DAILY INC	NY	NEW YORK
COMMERCE TECHNOLOGIES LLC DBA COMMERCEHUB	NY	LATHAM
COMPU TECH COMPUTERS INC	NY	ELMHURST
COMPUTER TECHNOLOGY SERVICES INC	NY	ALBANY
CONSENSYS SOFTWARE INC	NY	BROOKLYN
CONSTELLATION SOFTWARE INC	NY	NEW YORK
COPILOT PLATFORMS INC	NY	NEW YORK
CRAVATH SWAINE & MOORE LLP	NY	NEW YORK
CRAWFORD TECHNOLOGIES USA INC	NY	POTSDAM
DATA EVOLUTION CORPORATION	NY	NEW YORK
DATA PIONEER INC	NY	JERICHO
DATADOG INC	NY	NEW YORK
DATAIKU INC	NY	NEW YORK
DATAMINR INC	NY	NEW YORK
DEEPFRAUD TECHNOLOGIES INC DBA EVOLUTIONIQ	NY	NEW YORK
DESMARAIS LLP	NY	NEW YORK
DIAGRAM TECHNOLOGIES INC	NY	NEW YORK
DRAGONFLY FINANCIAL TECHNOLOGIES CORP	NY	NEW YORK
ENIGMA TECHNOLOGIES INC	NY	NEW YORK
ENTECH ENGINEERING PC	NY	NEW YORK
EUCLIDES TECHNOLOGIES INC	NY	NEW YORK
EUREKA INFOTECH INC	NY	HICKSVILLE
FAIR HEALTH INC	NY	NEW YORK
FENICS SOFTWARE INC	NY	NEW YORK
FINANCIAL INSIGHT TECHNOLOGY INC	NY	NEW YORK
FINASTRA FINANCIAL TECHNOLOGY CORPORATION	NY	NEW YORK
FIVE ELEMENT ANALYTICS LLC	NY	MERRICK
FLAIRE SOFTWARE INC	NY	NEW YORK
FLUENT RETAIL NORTH AMERICA LLC	NY	NEW YORK
FRACTAL ANALYTICS INC	NY	NEW YORK
FRESH2 TECHNOLOGY INC	NY	NEW YORK
FRONTIER SCIENCE AND TECHNOLOGY RESEARCH FOUNDATION INC	NY	BUFFALO
FULCRUM ANALYTICS INC	NY	NEW YORK
FUSION VOICE AND DATA CORP.	NY	PORT JEFFERSON
GAIN THEORY LLC	NY	NEW YORK
GAME SEVEN MARKETING PRODUCTIONS	NY	BROOKLYN
GEMOLOGICAL APPRAISAL LABORATORY OF AMERICA INC	NY	NEW YORK
GEOTECHNICAL ENGINEERING SERVICES P C	NY	ELMSFORD
GLOBAL DATA PUBLICATIONS INC	NY	NEW YORK
GOODEXPERT TECH LLC	NY	NEW YORK
GREEN KEY TECHNOLOGIES INC	NY	NEW YORK
GRID AI INC DBA LIGHTNING AI	NY	NEW YORK
HALLMARK GLOBAL TECHNOLOGIES INC	NY	HAUPPAUGE
HCHK TECHNOLOGIES INC	NY	NEW YORK
HELAINA INC	NY	NEW YORK
HILBERT TECHNOLOGIES INC	NY	NEW YORK
HITPS LLC DBA HAVEN TECHNOLOGIES	NY	NEW YORK
HITPS LLC DBA HAVEN TECHNOLOGIES	NY	WHITE PLAINS
HOLLER TECHNOLOGIES INC	NY	NEW YORK
HOMECARE SOFTWARE SOLUTIONS LLC DBA HHAEXCHANGE	NY	NEW YORK
HSBC TECHNOLOGY SERVICES USA INC	NY	DEPEW
HUDSON DATA LLC	NY	GENEVA
HUME AI INC	NY	NEW YORK
HYDROTECH ENVIRONMENTAL ENGINEERING GEOLOGY DPC	NY	NEW YORK
IMAGEWORK TECHNOLOGIES CORPORATION	NY	WHITE PLAINS
INCANDESCENT TECHNOLOGIES INC	NY	NEW YORK
INFINITE PAYMENTECH INC	NY	FLUSHING
INTEGRAL TECHNOLOGY SOLUTIONS INC	NY	NEW YORK
INTEGRATED GLAZTECH INC	NY	NEW YORK
INTELLIGENCE COMMONS LLC	NY	HICKSVILLE
INTL AIDS VACCINE INITIATIVE INC	NY	NEW YORK
JAMES CORNER FIELD OPERATIONS LLC DBA FIELD OPERATIONS	NY	NEW YORK
JK TECH US INC	NY	NEW YORK
JK TECH US INC.	NY	NEW YORK
KISS NAIL PRODUCTS INC	NY	PORT WASHINGTON
KLAXONTECH INC	NY	NEW YORK
KW MARKETING CORP	NY	NEW YORK
LAIKA INC	NY	NEW YORK
LAYERX TECHNOLOGIES INC	NY	NEW YORK
LENDKEY TECHNOLOGIES INC	NY	NEW YORK
LIVE MEDIA TECHNOLOGIES CORP	NY	NEW YORK
LS DIRECT MARKETING CO INC	NY	SUFFERN
LUXE SOFTWARE INC	NY	NEW YORK
LYNX ANALYTICS INC	NY	NEW YORK
MAGIC SOFTWARE INC	NY	NEW YORK
MARKETING EVOLUTION INC	NY	NEW YORK
MATRIX ANALYTICS CORPORATION	NY	NEW YORK
MIN XING STAINLESS STEEL INC	NY	BROOKLYN
MINDEX TECHNOLOGIES INC	NY	ROCHESTER
MOYI INC DBA MOYI TECH	NY	NEW YORK
MPG OPERATIONS LLC	NY	NEW YORK
NAFI TECHNOLOGIES CORP	NY	BUFFALO
NETGAINS ENGINEERING PC	NY	LAKE SUCCESS
NETROVERT SOFTWARE INC	NY	HICKSVILLE
O3 TECHNOLOGY SOLUTIONS LLC	NY	NEW YORK
ONNA TECHNOLOGIES INC	NY	NEW YORK
OPEN SYSTEMS TECHNOLOGIES INC	NY	NEW YORK
OPTO INVESTMENTS INC FKA LONSDALE INVESTMENT TECHNOLOGIES INC	NY	NEW YORK
ORANGE INFORMATION TECHNOLOGY SOLU	NY	SYRACUSE
PACKAGING TECHNOLOGIES AND INSPECTION LLC	NY	HAWTHORNE
PAIGE AL INC	NY	NEW YORK
PARTECH INC	NY	NEW HARTFORD
PAXOS TECHNOLOGY SOLUTIONS LLC	NY	NEW YORK
PEGAFRAME INFOTECH INC	NY	NEW YORK
PROJECT RISK ANALYTICS LLC	NY	NEW YORK
RAILBIRD TECHNOLOGIES INC	NY	NEW YORK
RAJ TECHNOLOGIES INC	NY	PLAINVIEW
RAKUTEN MARKETING LLC	NY	NEW YORK
RAZAQ TECHNOLOGIES LLC	NY	BUFFALO
REFLECTIVE TECHNOLOGIES INC DBA MIRROR	NY	BROOKLYN
REFLEXIONS DATA LLC	NY	BROOKLYN
REITLER KAILAS ROSENBLATT LLP	NY	NEW YORK
RENAISSANCE JEWELRY NEW YORK INC	NY	LONG ISLAND CITY
REPUBLIC OPERATIONS LLC	NY	NEW YORK
RESEARCH HORIZONS LLC DBA PHOENIX MARKETING INTERNATIONAL A MARKETCAST COMPANY	NY	RHINEBECK
RWIN TECHNOLOGIES LLC	NY	BOHEMIA
S P GLOBAL MARKET INTELLIGENCE INC	NY	NEW YORK
SATURN TECHNOLOGIES INC	NY	NEW YORK
SB TECHNOLOGY INC	NY	TARRYTOWN
SEAFAIR INC	NY	NEW YORK
SEATED TECHNOLOGIES INC	NY	NEW YORK
SHAPED AI INC	NY	BROOKLYN
SIMON DATA INC	NY	NEW YORK
SKELLIG AUTOMATION US LLC	NY	HAWTHORNE
SKT TECHNOLOGIES INC	NY	LONG ISLAND CITY
SLIGO SOFTWARE SOLUTIONS INC	NY	ALBANY
SMARTSTREAM TECHNOLOGIES INC	NY	NEW YORK
SOFT TECH SOURCE A DIVISION OF RAMESH SARVA CPA PC	NY	HICKSVILLE
SOFTWARE GUIDANCE ASSISTANCE INC	NY	TARRYTOWN
SOFTWARE LABS LLC	NY	FLUSHING
SONY MUSIC ENTERTAINMENT	NY	NEW YORK
SPADE DATA INC	NY	NEW YORK
SQUIRE TECHNOLOGIES INC	NY	NEW YORK
STRATEGY ONE INC DBA EDELMAN INTELLIGENCE	NY	NEW YORK
STREAMVECTOR INC D B A SIGMOID ANALYTICS	NY	BUFFALO
STRIKE TECHNOLOGIES LLC	NY	NEW YORK
STRINGBEAN TECHNOLOGIES LLC	NY	VALLEY STREAM
STRUCTURAL ENGINEERING TECHNOLOGIES PC	NY	LONG ISLAND CITY
SUPSTAT INC DBA NYC DATA SCIENCE ACADEMY	NY	NEW YORK
SYLVAIN LLC	NY	NEW YORK
SYRUP TECH INC	NY	NEW YORK
TAKE TWO INTERACTIVE SOFTWARE INC	NY	NEW YORK
TAKEO TECH LLC	NY	NEW YORK
TANDEMAI USA LLC	NY	NEW YORK
TECH ETERNITY CORP	NY	FLUSHING
TECHGROUP AMERICA INC	NY	BALDWIN
TECHNOSPHERE INC	NY	NEW YORK
TECHOLUTION CONSULTING LLC	NY	NEW YORK
TECHWIHUU  LLC	NY	NEW YORK
TELTECH SYSTEMS INC	NY	NEW YORK
THE RAINE GROUP LLC	NY	NEW YORK
TRIUM AI SOLUTIONS INC	NY	NEW YORK
TT TECHNOLOGIES INC	NY	FLUSHING
TT TECHNOLOGIES INC	NY	HICKSVILLE
UNDER TECHNOLOGIES INC DBA RHO BUSINESS BANKING	NY	NEW YORK
UNDERDOG TECHNOLOGIES INC DBA PINWHEEL	NY	NEW YORK
UNIVERSAL TECHNOLOGIES LLC	NY	ALBANY
URBANTECH CONSULTING ENGINEERING PC	NY	NEW YORK
VALON TECHNOLOGIES INC	NY	NEW YORK
VATIC LABS OPERATIONS LLC DBA VATIC INVESTMENTS	NY	NEW YORK
VAVA TECHNOLOGIES INC	NY	LONG ISLAND CITY
VELOC INFOTECH LLC	NY	GLEN OAKS
VELVET TECHNOLOGY INC	NY	NEW YORK
VERO FINANCE TECHNOLOGIES, INC.	NY	BROOKLYN
VISION DATA EQUIPMENT CORPORATION	NY	RENSSELAER
VITECH SYSTEMS GROUP SUB LLC	NY	NEW YORK
VTEX COMMERCE CLOUD SOLUTIONS LLC	NY	NEW YORK
VTH SOLUTIONS LLC DBA CIGNIUM TECHNOLOGIES	NY	NEW YORK
WAINBRIDGE CAPITAL INC	NY	NEW YORK
YSAI LLC	NY	NEW YORK
ZETTA AI LLC	NY	SHERRILL
AIRSHIP GROUP INC	OR	PORTLAND
BRAIN ELECTROPHYSIOLOGY LABORATORY COMPANY LLC	OR	EUGENE
BRIGHTWORKS SUSTAINABILITY LLC	OR	PORTLAND
EPIQ CLASS ACTION & CLAIMS SOLUTIONS INC ECA	OR	BEAVERTON
GEOTECHNICAL RESOURCES INC	OR	TIGARD
INCREASE TECHNOLOGIES INC	OR	BEND
MAGNIFY TECHNOLOGIES INC	OR	BEND
MAVENSOFT TECHNOLOGIES LLC	OR	BEAVERTON
OMNIDATA INSIGHTS	OR	PORTLAND
SAIF CORP INC	OR	SALEM
US TECHNOLOGIES CORPORATION	OR	PORTLAND
USERCLOUDS INC	OR	BEAVERTON
VESTAS AMERICAN WIND TECHNOLOGY INC	OR	PORTLAND
1ST RANKING TECHNOLOGIES	TX	LEWISVILLE
3BEES TECHNOLOGIES INC	TX	IRVING
A FAIRCHILD LLC	TX	CARROLLTON
A&H TECHNOLOGIES LLC	TX	FRISCO
A2D TECHNOLOGIES INC DBA TGS GEOLOGICAL PRODUCTS AND SERVICES	TX	HOUSTON
AA SOFTWARE & NETWORKING INC	TX	SPRING
AA SOFTWARE & NETWORKING INC	TX	THE WOODLANDS
AARNA TECHNOLOGIES LLC	TX	PLANO
AASYMTECH INC	TX	HOUSTON
AB TECHNOLOGIES INC	TX	IRVING
ABN TECH CORPORATION	TX	IRVING
ACG TECH SYSTEMS INC	TX	PLANO
ACLOUDX CONSULTING LLC	TX	ROUND ROCK
ACQUAINTEK INC	TX	SUGAR LAND
ADAPTECH INC	TX	CYPRESS
ADVAITAA TECHNOLOGIES INC	TX	BEDFORD
ADVANCED KNOWLEDGE TECH LLC	TX	LEWISVILLE
ADVEN TECHNOLOGIES INC	TX	PLANO
ADVITHRI TECHNOLOGIES LLC	TX	FRISCO
AECOM TECHNICAL SERVICES INC	TX	DALLAS
AGAP TECHNOLOGIES INC	TX	IRVING
AGGREGATE SOFTWARE TECHNOLOGY INC	TX	IRVING
AHACLOUDS LLC	TX	COPPELL
AI RANDOMTREES LLC	TX	HOUSTON
AIENTERPRISE INC	TX	FRISCO
AIFA LABS LLC	TX	FRISCO
AIG LLP	TX	RICHARDSON
AIMERSZ CONSULTING SERVICES INC	TX	DALLAS
AIQUEOUS LLC	TX	AUSTIN
AITIUM INC	TX	AUSTIN
AKRID TECHNOLOGIES INC	TX	FARMERS BRANCH
ALAMEDATECH SOLUTIONS LLC	TX	CEDAR PARK
ALEPH TECHNOLOGIES	TX	RICHARDSON
ALGEBRAIT LLC	TX	AUSTIN
ALICE TECH SOLUTIONS LLC	TX	IRVING
ALIGNED AUTOMATION LLC	TX	IRVING
ALIS SOFTWARE LLC	TX	ROUND ROCK
ALLRUVA TECHNOLOGY SERVICES INCORPORATED	TX	CARROLLTON
ALLURTECH LLC	TX	FRISCO
ALM FIRST ANALYTICS LLC	TX	DALLAS
ALTUMTECH SOLUTIONS LLC	TX	FRISCO
AMERICAN INFORMATION TECH CORP	TX	FRISCO
AMERICAN TECH VISION SOLUTIONS LLC	TX	HOUSTON
AMERICAN TECHNOLOGY EXPERTS INC	TX	PLANO
AMNET TECH LLC	TX	LEANDER
APPSHARK SOFTWARE INC	TX	ADDISON
ARGOS INFOTECH LLC	TX	CARROLLTON
ARTEMIS INFOTECH INC	TX	SPRING
ASCEND MARKETING LLC	TX	GRAPEVINE
ASR DATA SOLUTIONS LLC	TX	PLANO
ATHENA TECH INC	TX	IRVING
ATLANTIC TRADING & MARKETING INC	TX	HOUSTON
ATOKA TECHNOLOGIES INC	TX	DALLAS
ATOKA TECHNOLOGIES INC	TX	FARMERS BRANCH
AUDUBON ENGINEERING OPERATIONS LLC	TX	HOUSTON
AUGUSTA HITECH SOFT SOLUTIONS LLC	TX	PLANO
AURIGO SOFTWARE TECHNOLOGIES INC	TX	AUSTIN
AURIONPRO FINTECH INC	TX	AUSTIN
AVALANCHE TECHNOLOGIES LLC	TX	IRVING
AVALON SOFTWARE SERVICES LLC	TX	AUSTIN
AVEVOTECH INC	TX	KATY
AVVENTIS TECH INC	TX	STAFFORD
BENED SOFTWARE SERVICES INC	TX	IRVING
BERACHAH TECHNOLOGIES INC	TX	DALLAS
BERACHAH TECHNOLOGIES INC	TX	FARMERS BRANCH
BESTPPL TECHNOLOGIES INC	TX	FRISCO
BFS OPERATIONS LLC	TX	DALLAS
BIG APPLE INFOTECH LLC	TX	PLANO
BIZCLOUD ANALYTICS INC	TX	PLANO
BIZTECH SOLUTIONS INC	TX	SPRING
BLUE SPACE TECHNOLOGIES INC	TX	HOUSTON
BLUO SOFTWARE LLC	TX	HOUSTON
BMC SOFTWARE INC	TX	HOUSTON
BRAVEN TECHNOLOGIES INC	TX	FRISCO
BRILLFY TECHNOLOGY INC	TX	RICHARDSON
BRUHAT TECHNOLOGIES INC	TX	DALLAS
BRUHAT TECHNOLOGIES INC	TX	IRVING
BUSINESS SOFTWARE SOLUTIONS INC	TX	HOUSTON
BUSINESS TECHNOLOGY SOFTWARE SOLUTIONS INC	TX	FRISCO
BVM TECHNOLOGY ASSOCIATES INC	TX	FRISCO
C&T INFORMATION TECHNOLOGY CONSULTING INC	TX	GEORGETOWN
C4I TECHNOLOGIES INC	TX	KATY
CAMPTRA TECHNOLOGIES LLC	TX	PLANO
CBN TECH FORCE INC	TX	IRVING
CDRP TECHNOLOGIES LLC	TX	IRVING
CENTAURUS TECHNOLOGY PARTNERS LLC	TX	IRVING
CENTILLION INFOTECH LLC	TX	COPPELL
CENTILLION INFOTECH LLC	TX	DALLAS
CEREBRAL TECHNOLOGIES INC	TX	IRVING
CERTAIN AFFINITY INC	TX	AUSTIN
CETETEK TECHNOLOGY INC	TX	ALLEN
CHAMBERLAIN HRDLICKA WHITE WILLIAMS & AUGHTRY	TX	HOUSTON
CIGNITI TECHNOLOGIES INC	TX	IRVING
CINTURI TECHNOLOGIES LLC	TX	FLOWER MOUND
CIPHER GROUP TECHNOLOGIES INC	TX	AUSTIN
CIS TECHNOLOGIES INC	TX	MCKINNEY
CLAIMS SERVICES GROUP LLC	TX	ROANOKE
CLOUD ACT LLC	TX	FRISCO
CLOUD ASSOCIATES INC	TX	IRVING
CLOUD GLOBAL LLC	TX	IRVING
CLOUD GLOBAL LLC	TX	RICHARDSON
CLOUD INFRA IT SOLUTIONS INC	TX	DALLAS
CLOUD INFRA IT SOLUTIONS INC	TX	FARMERS BRANCH
CLOUD IT TECH	TX	RICHARDSON
CLOUD RESOURCES LLC	TX	IRVING
CLOUD REVOLUTE INC	TX	DALLAS
CLOUD REVOLUTE INC	TX	FARMERS BRANCH
CLOUD9TECH LLC	TX	DALLAS
CLOUD9TECH LLC	TX	PLANO
CLOUDBERYL LLC	TX	MCKINNEY
CLOUDEND PLATFORM INC	TX	HOUSTON
CLOUDGAMUT INC.	TX	DALLAS
CLOUDINFRAIT INC	TX	DALLAS
CLOUDINFRAIT INC	TX	FARMERS BRANCH
CLOUDINTELLISOFT INC	TX	IRVING
CLOUDKARMA INC	TX	HOUSTON
CLOUDMELLOW CONSULTING LTD CO DBA CLOUDMELLOW	TX	FRISCO
CLOUDMELLOW CONSULTING LTD CO DBA CLOUDMELLOW	TX	PLANO
CLOUDPOINT SYSTEMS INC	TX	KATY
CLOUDPRO IT SOLUTIONS LLC	TX	MCKINNEY
CLOUDSERVE SOLUTIONS LLC	TX	IRVING
CLOUDSOL TECHNOLOGIES INC	TX	DALLAS
CLOUDSOL TECHNOLOGIES INC	TX	FARMERS BRANCH
CLOUDSOL TECHNOLOGIES INC	TX	FARMERS BRNCH
CLOUDTERN SOLUTIONS INC	TX	PLANO
CLOUDVIK LLC	TX	FRISCO
CLOUDZENIX LLC	TX	IRVING
COFFEYVILLE RESOURCES REFINING AND MARKETING LLC	TX	SUGAR LAND
COGNITIVE DATA INTELLIGENCE LLC	TX	CARROLLTON
COGNIZANT TECHNOLOGY SOLUTIONS US CORP	TX	COLLEGE STATION
COGNIZANT TECHNOLOGY SOLUTIONS US CORP	TX	COLLEGE STA
COGNIZANT TRIZETTO SOFTWARE GROUP INC CTSG	TX	COLLEGE STATION
CONNECTTEL INC DBA CONNECT TECH & TALENT	TX	AUSTIN
CONSILIUM TECHNOLOGY LABS	TX	PLANO
CONTECH CONTROL SERVICES	TX	LA PORTE
CONTINENTAL TECHNOLOGY SOLUTIONS	TX	HOUSTON
CONVEXTECH INC	TX	PEARLAND
CORPBIZ TECHNOLOGIES INC	TX	ALLEN
CORVA AI LLC	TX	HOUSTON
COVENSYS TECHNOLOGIES INC	TX	BEDFORD
COVENSYS TECHNOLOGIES INC	TX	FRISCO
CROWD SOFTWARE CONSULTING LLC	TX	IRVING
CROWN VISION TECHNOLOGY GROUP INC	TX	PLANO
CSXTECH INC	TX	PLANO
CUBIC TECHNOLOGIES LLC	TX	IRVING
CURTAIN WALL DESIGN & CONSULTING	TX	DALLAS
CYBER SYSTEM TECHNOLOGIES LLC	TX	RICHARDSON
CYBER TECH GROUP	TX	HOUSTON
CYBERSOFT TECHNOLOGIES INC	TX	HOUSTON
CYNOSURE TECHNOLOGIES LLC	TX	HOUSTON
DALLAS INFOTECH LLC	TX	ALLEN
DALLAS/FORT WORTH TECHNOLOGY INC DBA DFW TECHNOLOGY	TX	RICHARDSON
DANTA INFOTECH LLC	TX	MCKINNEY
DATA STRATEGIES INTERCHANGE LLC	TX	HOUSTON
DATA SYS IT INC	TX	GRAPEVINE
DATABLOOM LLC	TX	CEDAR PARK
DATACHIT INC	TX	FRISCO
DATAD SOLUTIONS INC D/B/A AUSTIN CONSULTING AND RESOURCE MANAGEMENT ACRM	TX	ROUND ROCK
DATALOOPZ LLC	TX	HOUSTON
DATAQUAD INC	TX	HOUSTON
DATASCUD INC	TX	COPPELL
DE NORA WATER TECHNOLOGIES TEXAS LLC	TX	SUGAR LAND
DECODE DIGITAL MARKETING LLC	TX	HOUSTON
DELL MARKETING L P	TX	ROUND ROCK
DELTA SYSTEM AND SOFTWARE INC	TX	MCKINNEY
DIGI CLOUD LLC	TX	DALLAS
DIGITAL CLOUD ASSOCIATES LLC	TX	IRVING
DIGITAL ITECHNOLOGY LLC	TX	AUSTIN
DIGITAL SOFTWARE INC	TX	SAN ANTONIO
DISCOVER TECHNOLOGIES INC	TX	IRVING
DONATO TECHNOLOGIES INC	TX	DALLAS
DOTS TECHNOLOGIES INC	TX	SOUTHLAKE
DREAMDATA SOLUTIONS INC	TX	PLANO
DYNAMIC SOFTWARE CONSULTANTS INC	TX	COPPELL
EDGE CLOUD TECHNOLOGIES INC	TX	DALLAS
EDGE CLOUD TECHNOLOGIES INC	TX	FARMERS BRANCH
EIGHTH MAINLAND TREND TRADING LLC	TX	HOUSTON
ELAN TECHNOLOGIES INC	TX	IRVING
ELEMENT MATERIALS TECHNOLOGY DALLAS INC D/B/A AIRCOM INTERNATIONAL	TX	CARROLLTON
ELITE TECH INFO INC	TX	MCKINNEY
ELXR TECHNOLOGIES LLC	TX	FRISCO
ELXR TECHNOLOGIES LLC	TX	PLANO
EMBARCADERO TECHNOLOGIES INC	TX	AUSTIN
EMERGENT TECHNOLOGY SERVICES LLC	TX	HOUSTON
ENCLOUD SERVICES LLC	TX	KATY
EPACE TECHNOLOGIES INC	TX	IRVING
EPICOR SOFTWARE CORPORATION	TX	AUSTIN
EPIPHANY INDUSTRIAL TECHNOLOGIES LLC	TX	SAN ANTONIO
EPSILON DATA MANAGEMENT LLC	TX	IRVING
EPSOFT TECHNOLOGIES LLC	TX	DALLAS
EPSOFT TECHNOLOGIES LLC	TX	FARMERS BRANCH
EPSOFT TECHNOLOGIES LLC	TX	FARMERS BRNCH
EPSOFT TECHNOLOGIES LLC	TX	IRVING
ESB TECHNOLOGIES CORPORATION	TX	ROUND ROCK
ESGEE TECHNOLOGIES INC	TX	AUSTIN
ESK GROUP INC DBA TECHNOVA GLOBAL	TX	IRVING
ETHOS TECHNOLOGIES INC	TX	AUSTIN
ETISBEW TECHNOLOGY GROUP INC	TX	PLANO
EVEREST TECH INC	TX	LEANDER
EXECUTIVE SOFTWARE GUILD INC	TX	MCKINNEY
EXPERION TECHNOLOGIES USA INC	TX	PLANO
EXPONENTIAL TECHNOLOGY GROUP INC	TX	FORT WORTH
EZ4 TECHNOLOGIES LLC	TX	PLANO
FIDELIS SOFTWARE SOLUTIONS LLC	TX	CEDAR PARK
FIDELIS SOFTWARE SOLUTIONS LLC	TX	CEDARPARK
FLASHTECH CONSULTING SERVICES INC	TX	KATY
FLIGHT OPERATIONS HOLDINGS LLC	TX	DALLAS
FMC TECHNOLOGIES INC	TX	HOUSTON
FOLLO SOFTWARE LLC	TX	DALLAS
FORESCOUT TECHNOLOGIES INC	TX	PLANO
FRANKLIN INFOTECH INC	TX	CEDAR PARK
FUGE TECHNOLOGIES INC	TX	IRVING
FUSION GLOBAL TECHNOLOGIES AND SOLUTIONS INC	TX	PLANO
GATHI ANALYTICS LLC	TX	PLANO
GEARBOX SOFTWARE LLC	TX	FRISCO
GENERAL DATATECH L P	TX	DALLAS
GENESIS INFORMATION TECHNOLOGY	TX	IRVING
GENESIS TECHSYSTEMS INC	TX	HOUSTON
GIGAWARP TECHNOLOGIES LLC D B A CLAIMATIC	TX	SAN ANTONIO
GLOBAL BRIDGE INFOTECH INC	TX	IRVING
GLOBAL BUSINESS & TECHNOLOGIES ASSOCIATES INC	TX	IRVING
GM INFOTECH LLC	TX	FRIENDSWOOD
GM INFOTECH LLC	TX	HOUSTON
GOKATECH INC	TX	FRISCO
GOLDLINE TECHNOLOGIES INC	TX	BEDFORD
GOOYAH TECHNOLOGIES INC	TX	IRVING
GRAHAM ADAIR INC	TX	AUSTIN
GREATMINDS INFOTECH LLC	TX	FRISCO
GROW SOFTWARES LLC	TX	THE COLONY
H TOWN TECHNOLOGIES INC	TX	HOUSTON
HAANTECH LLC	TX	SOUTHLAKE
HANSI TECHNOLOGIES	TX	KRUM
HEALTH MANAGEMENT SYSTEMS INC DBA HMS A GAINWELL TECHNOLOGIES COMPANY	TX	IRVING
HEATHTECH SYSTEMS INC	TX	IRVING
HELIOINFO TECH LLC	TX	GRAPEVINE
HINDSIGHT SOFTWARE SOLUTIONS INC	TX	FRISCO
HITECH NETWORK SOLUTIONS LLC	TX	DALLAS
HIWORTH TECHNOLOGIES AND MGMT LLC	TX	FRISCO
HSTECHNOLOGIES LLC	TX	PLANO
HULL INFORMATION TECHNOLOGY SOLUTIONS AND SERVICES LLC	TX	LLANO
I NET SOFTWARE TECHNOLOGIES	TX	IRVING
I2 INFOTECH LLC	TX	DALLAS
I9 TECH SOLUTIONS LLC	TX	IRVING
IAI SYSTEM LLC	TX	DALLAS
IAMBROSIA TECHNOLOGIES LLC	TX	LEANDER
IBIZ SOFTWARE INC	TX	FRISCO
ICLOUD WA LLC	TX	PLANO
IDEA TECH SOLUTIONS INC	TX	PLANO
IDEAS2IT TECHNOLOGIES LLC	TX	FRISCO
IHEARTMEDIA ENTERTAINMENT INC	TX	SAN ANTONIO
IKON TECH SERVICES LLC	TX	HOUSTON
IMPELLENT TECHNOLOGIES INC	TX	IRVING
INCREDIBLE SOFTWARE SOLUTIONS LLC	TX	RICHARDSON
INETFRAME TECHNOLOGIES LLC	TX	FRISCO
INFRAPOD TECHNOLOGIES INC	TX	IRVING
INFRATECH ENGINEERS & INNOVATORS LLC	TX	HOUSTON
INGRAIN SYSTEMS INC	TX	FRISCO
INHERENT TECHNOLOGIES LLC	TX	LIVE OAK
INNOVISE TECHNOLOGY INC	TX	IRVING
INSTITUTE OF INFORMATION TECHNOLOGY INC	TX	MAGNOLIA
INTELLIGENT PLATFORMS LLC	TX	ROUND ROCK
INTELLISOFT TECHNOLOGIES INC	TX	IRVING
INTENSIFY TECHNOLOGIES INC.	TX	FRISCO
INTERNATIONAL TECHNOLOGIES PRO LLC DBA IQ TECH PROS	TX	HOUSTON
INTERPRETIVE SOFTWARE PRODUCTS INC	TX	HOUSTON
IONIC TECHNOLOGIES LLC	TX	HOUSTON
IQUANTM TECHNOLOGIES INC	TX	PLANO
IRIE TECHNOLOGIES LLC	TX	MCKINNEY
ISN SOFTWARE CORPORATION	TX	DALLAS
ITG TECHNOLOGIES INC	TX	HOUSTON
ITTECHNICA INC	TX	IRVING
JARVANTECH INC	TX	SPRING
JASPER AI INC	TX	AUSTIN
JINS TECH CORPORATION  DBA KWICKPOS	TX	SPRING
K3 TECHNOLOGIES INC	TX	AUSTIN
K3 TECHNOLOGIES INC	TX	LAKEWAY
KAAR TECHNOLOGIES INC	TX	DALLAS
KAINERGY CONSULTING	TX	FRISCO
KAIRAS TECH LLC	TX	FRISCO
KAIROS TECHNOLOGIES INC	TX	IRVING
KAIZEN ITECH LLC	TX	PLANO
KALTECH CONSULTING INC	TX	IRVING
KARYA SOFTWARE INC	TX	PLANO
KASTECH SOLUTIONS LLC	TX	HOUSTON
KAURUM TECHNOLOGIES LLC	TX	DALLAS
KBC ADVANCED TECHNOLOGIES INC	TX	HOUSTON
KBR TECHNICAL SERVICES INC	TX	HOUSTON
KEN TECHNOLOGIES INC	TX	HURST
KEYMOUZ TECHNOLOGIES INC	TX	HOUSTON
KEYSTONE TECHNOLOGY PARTNERS INC	TX	HOUSTON
KGATE TECHNOLOGIES INC	TX	HOUSTON
KIBO SOFTWARE INC	TX	DALLAS
KIMBALL TECH INC	TX	SOUTHLAKE
KINETICAI INC	TX	SPRING
KIRANAM TECHNOLOGIES INC	TX	COPPELL
KOVAN TECHNOLOGY SOLUTIONS LLC	TX	HOUSTON
KPI DATA SYS INC	TX	DALLAS
KTECH PRODUCTS LLC	TX	EULESS
LAKHI INFORMATION TECHNOLOGIES INC	TX	FRISCO
LAVSUN TECHNOLOGIES INC	TX	PROSPER
LGL TECHNOLOGIES LLC	TX	SPRING
LILLI TECHNOLOGY	TX	PLANO
LILLI TECHNOLOGY LLC	TX	PLANO
LINKPRO TECHNOLOGIES INC	TX	IRVING
LLYTECH INC	TX	HOUSTON
LONE WOLF TECHNOLOGIES	TX	DALLAS
LORVEN TECHSERVICES LLC	TX	FRISCO
LUCID TECHNOLOGIES INC	TX	IRVING
LUMEL TECHNOLOGIES INC	TX	PLANO
LUMINOVA INFOTECH LLC	TX	MCKINNEY
LUMMUS TECHNOLOGY LLC	TX	HOUSTON
MACH B TECHNOLOGIES INC	TX	IRVING
MALONEBAILEY LLP	TX	HOUSTON
MANDO TECHNOLOGIES INC	TX	AUSTIN
MANJU SOFTWARE SOLUTIONS INC DBA TRU CLOUD TECHNOLOGIES INC	TX	MCKINNEY
MARK TECHNOLOGIES INC	TX	DALLAS
MARUTHI TECHNOLOGIES INC DBA ANBLICKS	TX	DALLAS
MATICA BIOTECHNOLOGY	TX	COLLEGE STATION
MAXOTECH SOLUTIONS LLC	TX	IRVING
MAXOTECH SOLUTIONS LLC	TX	SOUTHLAKE
MERIT AMERICAN TECHNOLOGIES INC	TX	IRVING
MERIT INFOTECH INC	TX	PROSPER
META PLATFORMS INC	TX	RICHARDSON
MHK TECH INC	TX	HOUSTON
MIND TECH INC	TX	FRISCO
MIND TECH INC	TX	HOUSTON
MINISOFT TECHNOLOGIES LLC	TX	HOUSTON
MINUSCULE TECHNOLOGIES LLC	TX	KATY
MIRAI SOLUTIONS INC	TX	PLANO
MIRION TECHNOLOGIES CANBERRA INC	TX	CARROLLTON
MIZ TECH SOLUTIONS LLC	TX	PLANO
MNK INFOTECH INC	TX	IRVING
MOBILTECH GLOBAL SERVICES LLC	TX	FORT WORTH
MOBISOFT INFOTECH LLC	TX	HOUSTON
MORS TECHNOLOGIES INC	TX	FARMERS BRANCH
MOSAIC PARADIGM LAW GROUP PC	TX	HOUSTON
MOUNTAIN IT SOLUTIONS LLC	TX	MCKINNEY
MOURI TECH LLC	TX	IRVING
MS INFO TECH LLC	TX	DENTON
MSKV TECHNOLOGIES INC	TX	KATY
MTTN INC AKA MOUNTAIN DIGITAL INC AKA MOUNTAIN INC	TX	AUSTIN
MVK TECHNOLOGIES INC	TX	AUSTIN
NAMITUS TECHNOLOGIES INC	TX	FRISCO
NANVI TECHNOLOGY SOLUTIONS LLC	TX	PLANO
NARVEE TECH INC	TX	IRVING
NASCENT TECHNOLOGIES INC	TX	AUSTIN
NENI TECHSYSTEMS INC	TX	LEWISVILLE
NEO INFOTECH INC	TX	DALLAS
NESH TECHNOLOGIES LLC	TX	MCKINNEY
NEW ENGLAND SOFTWARE TECHNOLOGY INC	TX	PLANO
NEWDREAM DATA SYSTEMS LLC	TX	FRISCO
NEWRON TECH INC	TX	AUSTIN
NGTALENTTECH GROUP LLC	TX	FRISCO
NOBLESOFT TECHNOLOGIES INC	TX	FLOWER MOUND
NOBLESOFT TECHNOLOGIES INC	TX	IRVING
NTT DATA FEDHEALTH INC	TX	PLANO
NTT DATA INC	TX	PLANO
NTT DATA SERVICES LLC	TX	PLANO
OAK TECHNOLOGIES INC	TX	IRVING
OCTOHUB TECHNOLOGY LLC	TX	AUSTIN
OPC MARKETING INC	TX	DALLAS
OPENCLOUD IT SOLUTIONS INC	TX	FRISCO
OPRO AI	TX	HOUSTON
OPTTECH LLC	TX	RICHARDSON
OPUSAI INC	TX	AUSTIN
ORCHESTRA TECHNOLOGY INC	TX	PLANO
OREMDA INFOTECH INC	TX	CEDAR PARK
OREVA TECHNOLOGIES INC	TX	IRVING
OTIS TECHNOLOGY LLC DBA AGAMA CONSULTING GROUP	TX	IRVING
P3 TECHNOLOGIES INC	TX	IRVING
PALINDROMTECH LLC	TX	MCKINNEY
PEBAL BRIGHT TECHNOLOGIES LLC	TX	CEDAR PARK
PEGASUS BUSINESS INTELLIGENCE LP DBA ONYX CENTERSOURCE	TX	DALLAS
PENSOFT TECHNOLOGIES INC	TX	IRVING
PETABYTE TECHNOLOGIES LLC	TX	FRISCO
PHOTON INFOTECH INC	TX	DALLAS
PHOTON INFOTECH INC	TX	IRVING
PINNACLE INFOTECH INC	TX	SUGAR LAND
PINNACLE TECHNICAL RESOURCES INC	TX	DALLAS
PIONEER TECHNOLOGIES INC	TX	IRVING
PLASMA BUSINESS INTELLIGENCE, INC.	TX	IRVING
PRAITECH INC	TX	AUSTIN
PRAVASTECH INC	TX	CONROE
PRAVASTECH INC	TX	THE WOODLANDS
PRIME BUSINESS TECHNOLOGIES INC	TX	HOUSTON
PRODIGY TECHNOLOGIES INC	TX	FRISCO
PROPELSYS TECHNOLOGIES LLC	TX	PLANO
PROSIS TECHNOLOGIES INC	TX	PLANO
PROWESS INFOTECH LLC	TX	MCKINNEY
PRUDENT TECHNOLOGIES & CONSULTING INC	TX	DALLAS
PUREPATH TECHNOLOGIES INC	TX	DALLAS
PURVI TECHNOLOGIES LLC	TX	THE COLONY
PURVIEW INFOTECH LLC	TX	DALLAS
PURVIEW INFOTECH LLC	TX	FARMERS BRANCH
Q2 SOFTWARE INC	TX	AUSTIN
QUIDDITY INFOTECH LLC	TX	LITTLE ELM
QWERTY TECH LLC	TX	DALLAS
RACUBE TECHNOLOGIES LLC	TX	PLANO
RAPID TECH LLC	TX	FRISCO
RAVEN SOFTWARE SOLUTIONS INC	TX	DALLAS
RC9 TECHNOLOGIES INC	TX	IRVING
RCPW TECHNOLOGY LLC D/B/A ENVIROKLEAN PRODUCT DEVELOPMENT	TX	MIDLAND
RED PHOENIX ENTERTAINMENT LLC	TX	HOUSTON
REDBUD TECHNOLOGIES INC	TX	MCKINNEY
REDWOOD SOFTWARE INC	TX	FRISCO
RELIANT INFOTECH, INC.	TX	PLANO
RESOLVE TECH SOLUTIONS LLC	TX	ADDISON
RIFLUXYSS SOFTWARES LLC	TX	IRVING
RISHIK VS TECHNOLOGIES INC	TX	PLANO
RISING SUN TECHNOLOGIES LLC	TX	FRISCO
RITE SOFTWARE SOLUTIONS & SERVICES LLC	TX	HOUSTON
RK INFOTECH LLC	TX	ROUND ROCK
ROBOTIX TECHNOLOGY SOLUTIONS	TX	IRVING
ROSCOMMON ANALYTICS LLC	TX	HOUSTON
ROYAL TECHNOCRATS INC	TX	HOUSTON
RS DRAGON TECHNOLOGIES LLC	TX	DALLAS
RSA TECH GROUP LLC	TX	LITTLE ELM
RSM TECHNOLOGY SOLUTIONS INC	TX	IRVING
S&S TECH SOLUTIONS LLC	TX	DALLAS
S3 TECHNICAL SOLUTIONS, INC	TX	IRVING
S4 ANALYTICS LLC	TX	LITTLE ELM
SABIO INFOTECH INC	TX	FRISCO
SAFE CODE SOFT TECHNOLOGIES INC	TX	AUSTIN
SAHAJ SOFTWARE INC	TX	AUSTIN
SAI BUSINESS SOLUTIONS LLC DBA SBS CORP	TX	HOUSTON
SAIBERSYS INC	TX	CARROLLTON
SAIKA TECHNOLOGIES INC	TX	IRVING
SAILPOINT TECHNOLOGIES INC	TX	AUSTIN
SAIM TECHNOLOGIES INC	TX	ROUND ROCK
SAINA IT SOLUTIONS LLC	TX	DALLAS
SAINAR SOLUTIONS INC	TX	FRISCO
SAION SOLUTIONS INC	TX	CARROLLTON
SAIPSIT INC	TX	HOUSTON
SAISIR INC	TX	IRVING
SANSYS TECHNOLOGIES INC	TX	CARROLLTON
SASVI TECHNOLOGIES LLC	TX	DALLAS
SAVIN TECHNOLOGIES INC	TX	IRVING
SBASE TECHNOLOGIES INC	TX	IRVING
SCHLUMBERGER TECHNOLOGY CORPORATION	TX	KATY
SCHRILL TECHNOLOGIES INC	TX	HOUSTON
SDVS TECHNOLOGIES LLC	TX	FLOWER MOUND
SECURUS TECHNOLOGIES INC	TX	CARROLLTON
SFORCE INFOTECH INC	TX	FRISCO
SHARPLINK SOFTWARE LLC	TX	AUSTIN
SHARPLINK SOFTWARE LLC	TX	LEANDER
SHIRO TECHNOLOGIES LLC	TX	ADDISON
SHRETECH INC	TX	FRISCO
SHRIKON TECHNOLOGIES INC	TX	DALLAS
SHRIVE TECHNOLOGIES LLC	TX	IRVING
SIEMENS INDUSTRY SOFTWARE INC	TX	PLANO
SIGMA SOFTWARE LLC	TX	DALLAS
SIGNITIVES TECHNOLOGIES LLC	TX	RICHARDSON
SILVERLINE TECHNOLOGIES OF AMERICA LLC	TX	RICHARDSON
SIM TECH LLC	TX	KATY
SIRI DATA ANALYTICS LLC	TX	FRISCO
SK TECHNOLOGIES LLC	TX	HOUSTON
SNOW SOFTWARE INC	TX	AUSTIN
SOAL TECHNOLOGIES LLC	TX	AUSTIN
SOFTTRAK TECHNOLOGIES LLC	TX	COPPELL
SOFTWARE ASSOCIATES INC	TX	IRVING
SOFTWARE BLOC LLC	TX	PLANO
SOFTWARE GLOBAL LTD	TX	AUSTIN
SOFTWARE PROFESSIONALS INC	TX	FLOWER MOUND
SOLWARE IT TECHNOLOGIES LLC	TX	MCKINNEY
SOLWIN TECH INC	TX	IRVING
SONET SOFTWARE SOLUTIONS INC	TX	PLANO
SP TECH RESOURCES INC	TX	ROUND ROCK
SPANCO INFOTECH INC	TX	DALLAS
SPARK DATA SOLUTIONS INC	TX	HOUSTON
SPARK DATA SOLUTIONS INC	TX	KATY
SPIDO TECHNOLOGIES INC	TX	FRISCO
SPIN ANALYTICS AND STRATEGY LLC	TX	CONROE
SPINSCI TECHNOLOGIES LLC	TX	DALLAS
SPR SOFTWARE SYSTEMS LLC	TX	THE COLONY
SREE INFOTECH LLC	TX	IRVING
SRI SOFTWARE SOLUTIONS LLC	TX	IRVING
SS LEAD TECHNOLOGY INC	TX	PLANO
SS SOFTECH INC	TX	IRVING
SS TECH LLC	TX	LEWISVILLE
SS TECHNOLOGIES INC	TX	THE COLONY
SSTECH LLC	TX	IRVING
STELLAR HOME MAINTENANCE SERVICES LLC	TX	DALLAS
STIAOS TECHNOLOGIES INC	TX	HOUSTON
STRAIT CAPITAL COMPANY LTD	TX	DALLAS
SUNIKSHA TECHNOLOGIES LLC	TX	FRISCO
SURGE TECHNOLOGY SOLUTIONS INC	TX	KATY
SV INFOTECH GROUP INC	TX	DALLAS
SV INFOTECH GROUP INC	TX	FARMERS BRANCH
SV INFOTECH GROUP INC	TX	FARMERS BRNCH
SV TECHNOLOGY SERVICES LLC	TX	ROUND ROCK
SVR TECH SOLUTIONS LLC	TX	PLANO
SVS SOFT TECH LLC	TX	HOUSTON
SWIFT TECHNOLOGIES INC	TX	IRVING
SYMPHONY AI RETAIL INC	TX	FRISCO
SYNERSYS TECHNOLOGIES INC	TX	CEDAR PARK
SYNTAIN TECHNOLOGIES LLC	TX	DALLAS
SYNTAX TECHNOLOGIES LLC	TX	PLANO
SYSPLUS TECHNOLOGY SOLUTIONS LLC	TX	PLANO
TAAL TECHNOLOGIES INC	TX	SPRING
TAAL TECHNOLOGIES INC	TX	THE WOODLANDS
TACHYON TECHNOLOGIES LLC	TX	SOUTHLAKE
TAILOS INC	TX	AUSTIN
TAITCONSULTINGGROUP LLC	TX	PLANO
TALANTON TECHNOLOGIES INC	TX	PLANO
TALENT TECH SOLUTIONS INC	TX	FRISCO
TAMMINA INFOTECH INC	TX	FRISCO
TANPRO TECHNOLOGIES LLC	TX	KATY
TARUN TECHNOLOGIES INC	TX	CARROLLTON
TASACOM TECHNOLOGIES INC	TX	DALLAS
TATA TECHNOLOGIES INC	TX	SAN ANTONIO
TECH  ORBIT LLC	TX	MCKINNEY
TECH ABSTRACTOR LLC	TX	DALLAS
TECH ABSTRACTOR LLC	TX	FARMERS BRANCH
TECH AMERICA CONSULTING INC	TX	ALLEN
TECH APEX SOLUTIONS INC	TX	IRVING
TECH GLOBAL LLC	TX	ALLEN
TECH IT SOLUTIONS INC	TX	HOUSTON
TECH MAHINDRA NETWORK SERVICES INTERNATIONAL INC FORMERLY LLC INTERNATIONAL INC	TX	GARLAND
TECH MAHINDRA NETWORK SERVICES INTERNATIONAL INC FORMERLY LLC INTERNATIONAL INC	TX	PLANO
TECHALPHA LLC	TX	MCKINNEY
TECHBITS INC	TX	IRVING
TECHCHOIR INC	TX	FRISCO
TECHDAPT LLC	TX	SOUTHLAKE
TECHEMPO INC	TX	DALLAS
TECHFIOS INCORPORATED	TX	CARROLLTON
TECHGENE SOLUTIONS LLC	TX	IRVING
TECHGIRD SYSTEMS LLC	TX	FRISCO
TECHGLOBE INC	TX	IRVING
TECHINTELLI SOLUTIONS INC	TX	DALLAS
TECHIQ SOLUTIONS INC	TX	IRVING
TECHLANCE IT INC	TX	MISSOURI CITY
TECHLANCE SOLUTIONS INC	TX	HOUSTON
TECHMAGIX	TX	IRVING
TECHMINERS LLC	TX	MCKINNEY
TECHNICAL TOOLBOXES POWERTOOLS INC	TX	HOUSTON
TECHNIKONS INC	TX	PLANO
TECHNIP ENERGIES USA INC	TX	HOUSTON
TECHNIPFMC USA INC	TX	HOUSTON
TECHNIPROS LLC	TX	PLANO
TECHNO TASKS INC	TX	DALLAS
TECHNO TASKS INC	TX	FARMERS BRANCH
TECHNOCORP SOLUTIONS INC	TX	HOUSTON
TECHNOCRATS DOMAIN INC	TX	SPRING
TECHNOFLAIR SOLUTIONS LLC	TX	DALLAS
TECHNOLOGY REVOLUTIONS INC	TX	STAFFORD
TECHNOPATHZ INC	TX	LEWISVILLE
TECHNOSOFT GROUP INC	TX	IRVING
TECHNOVERA INC	TX	FRISCO
TECHOPS INC	TX	PLANO
TECHORBIT INC	TX	IRVING
TECHPATH INC	TX	MCKINNEY
TECHPRO INC	TX	IRVING
TECHPRONET GLOBAL SOLUTIONS INC	TX	KATY
TECHSPHERESOLUTIONS LLC	TX	PLANO
TECHSTACK SYSTEMS LLC	TX	FORT WORTH
TECHSTAR CONSULTING INC	TX	LEWISVILLE
TECHSTER SOLUTIONS INC	TX	IRVING
TECHSUN SOFT INC	TX	LEWISVILLE
TECHSUN SOFT INC	TX	THE COLONY
TECHVIRTUE LLC	TX	FRISCO
TECHWAVE CONSULTING INC	TX	HOUSTON
TECHWIN INC	TX	SOUTHLAKE
TECHWIZ LLC	TX	IRVING
TECHZON INC	TX	PLANO
TERBIUM TECHNOLOGIES INC	TX	AUSTIN
TISSA TECHNOLOGY LLC	TX	SPRING
TOADFLY TECHNOLOGIES, LLC	TX	HOUSTON
TRAITWELL INC	TX	SUGAR LAND
TRANSNATIONAL SOFTWARE SERVICES INC	TX	COPPELL
TRELLIS TECHNOLOGY SOLUTIONS LLC	TX	IRVING
TRINTECH INC	TX	PLANO
TRIPHI TECHNOLOGIES LLC	TX	IRVING
TUPPL TECHNOLOGIES INC	TX	IRVING
TYLER TECHNOLOGIES INC	TX	PLANO
UAH TECHNOLOGIES LLC	TX	DALLAS
UBERTEJAS LLC DBA BIZCLOUD EXPERTS	TX	LEWISVILLE
UNITED SOFTWARE CORPORATION	TX	AUSTIN
UNIVERSAL CONVERSION TECHNOLOGIES I LLC	TX	GRAPEVINE
UPSILON TECHNOLOGIES INC	TX	GEORGETOWN
USA TECH CONSULTING LLC	TX	HOUSTON
V S TECHNOLOGIES INC	TX	PLANO
V3TECH SOLUTIONS INC	TX	MCKINNEY
VALTECH SOLUTIONS LLC	TX	PLANO
VARENS SOFTTECH LLC	TX	PROSPER
VEJARS TECHNOLOGIES INC	TX	COPPELL
VENNISON TECHNOLOGIES INC	TX	ALLEN
VERATECH SYSTEMS LLC	TX	CEDAR PARK
VFOURTECH INC	TX	PROSPER
VIMERSE INFOTECH INC	TX	DALLAS
VIRITUS TECHNOLOGIES INC	TX	HOUSTON
VIRTUOSO TECHNOLOGIES INC	TX	HOUSTON
VISAM TECHNOLOGIES INC	TX	FRISCO
VISUAL TECHNOLOGIES LLC	TX	PLANO
VISUALAIM LLC	TX	PASADENA
VISYS CLOUD TECHNOLOGIES LLC	TX	MCKINNEY
VORIZO INFO TECH INC	TX	AUSTIN
VORIZO INFO TECH INC	TX	CEDAR PARK
VORTECH IT SOLUTIONS INC	TX	DALLAS
VORTECH IT SOLUTIONS INC	TX	FARMER BRANCH
VORTECH IT SOLUTIONS INC	TX	FARMERS BRANCH
VOXAI SOLUTIONS INC	TX	COPPELL
VRIT TECH INC	TX	HURST
VRN TECHNOLOGIES LLC	TX	CEDAR PARK
VSION TECHNOLOGIES INC	TX	CEDAR PARK
VTRIX TECHNOLOGIES INC	TX	AUSTIN
WEHIRE TECHNOLOGIES LLC	TX	AUSTIN
WICHITA DATA SYSTEMS INC	TX	PLANO
WINTEL TECHNOLOGIES LLC	TX	SUGAR LAND
XCELTRAIT INC	TX	IRVING
XO SOFTTECH INC	TX	IRVING
YERRALPHA LLC DBA SMD TECHNOSOL	TX	DALLAS
ZAIN BUSINESS INC	TX	HOUSTON
ZANGLE TECHNOLOGIES INC	TX	ALLEN
ZELANTETECH LLC	TX	KATY
ZELUS ANALYTICS INC	TX	AUSTIN
ZENCOR TECHNOLOGIES INC	TX	DALLAS
ZENPROTECH INC	TX	MCKINNEY
ZENTECH CONSULTING INC	TX	DALLAS
ZEVA TECHNOLOGY LLC	TX	PLANO
ZIRLEN TECHNOLOGIES INC	TX	HOUSTON
ZONESTRA TECHNOLOGIES LLC	TX	AUSTIN
ZUVEN TECHNOLOGIES INC	TX	PLANO
9LOGIC TECHNOLOGIES INC	WA	REDMOND
ADAPTIVE BIOTECHNOLOGIES CORPORATION	WA	SEATTLE
ADROIT TECHNOLOGIES CLOUD SOLUTIONS INC	WA	REDMOND
AFOUR TECHNOLOGIES INC	WA	REDMOND
AIMMS INC	WA	BELLEVUE
AK TECHNOLOGIES LLC	WA	KENNEWICK
ANTHRO-TECH INC	WA	OLYMPIA
APPLEXUS TECHNOLOGIES INC	WA	FEDERAL WAY
BLUEPRINT TECHNOLOGIES LLC	WA	BELLEVUE
C2S TECHNOLOGIES INC	WA	BELLEVUE
CHAINGUARD INC	WA	KIRKLAND
CLOUDIQ TECHNOLOGIES INC	WA	ISSAQUAH
COURSE5 INTELLIGENCE PRIVATE LTD	WA	BELLEVUE
CTS TECHNICAL SERVICES INC	WA	ISSAQUAH
DAVIS WRIGHT TREMAINE LLP	WA	SEATTLE
DOMAIN 6 INC	WA	BELLEVUE
DOOSAN GRIDTECH INC	WA	SEATTLE
DUODUO TECH INC	WA	REDMOND
EUCLIDEAN TECHNOLOGIES MANAGEMENT LLC	WA	SEATTLE
EVERGREEN FINANCIAL TRAINING INC	WA	BELLEVUE
EXELTECH CONSULTING INC	WA	LACEY
FIERRO TECH LLC	WA	SEATTLE
GORDIAN SOFTWARE INC	WA	SEATTLE
GRAB TECHNOLOGY LLC	WA	BELLEVUE
HOUGH BECK & BAIRD INC	WA	SEATTLE
INABIA SOFTWARE AND CONSULTING INC	WA	REDMOND
INNOVATION IT TECH	WA	BOTHELL
INNOVATIVE EDGE TECHNOLOGY CONSULTANCY SERVICES	WA	BOTHELL
JAYES TECH LLC	WA	KIRKLAND
KEVALA TECHNOLOGIES INC.	WA	KIRKLAND
LASAI TECHNOLOGIES LLC DBA DIGITECH LABS	WA	REDMOND
MAQ L L C DBA MAQ SOFTWARE	WA	REDMOND
MORINE TECHNOLOGIES	WA	BELLEVUE
MY TECHNOLOGY GEEKS	WA	KENT
NANOSTRING TECHNOLOGIES INC	WA	SEATTLE
NEAL ANALYTICS LLC	WA	BELLEVUE
OZETTE TECHNOLOGIES	WA	SEATTLE
PACTERA TECHNOLOGIES INC	WA	REDMOND
PACTERA TECHNOLOGIES NA INC	WA	REDMOND
PERGAM TECHNICAL SERVICES INC	WA	RENTON
PHAIT INC	WA	GIG HARBOR
PITCHBOOK DATA INC	WA	SEATTLE
PROVIDENCE SAINT JOHN'S CANCER INSTITUTE	WA	RENTON
QUANTYZD INC DBA SOFY AI	WA	BELLEVUE
SANA BIOTECHNOLOGY INC	WA	SEATTLE
SOFTWARE REVOLUTION INC	WA	KIRKLAND
SPICE AI INC	WA	BELLEVUE
SYRENCLOUD INC	WA	BELLEVUE
TECHNOVA SYSTEMS INC	WA	BOTHELL
TECHNOVERT SOLUTIONS INC	WA	SEATTLE
TELECOMMUNICATION SYSTEMS INC DBA COMTECH TELECOMMUNICATIONS CORP	WA	SEATTLE
TEMPORAL TECHNOLOGIES INC	WA	BELLEVUE
THE ALLEN INSTITUTE FOR ARTIFICIAL INTELLIGENCE	WA	SEATTLE
UNITY DATA INC	WA	BELLEVUE
VIDYATECH SOFTWARE LLC	WA	NEWCASTLE
VIRTUE TECH INC	WA	BELLEVUE
VUEDATA LLC	WA	KIRKLAND
WATCHGUARD TECHNOLOGIES INC	WA	SEATTLE
WORMPEX AI RESEARCH LLC	WA	BELLEVUE
XETDATA INC	WA	SEATTLE
ZOOMINFO TECHNOLOGIES LLC	WA	VANCOUVER
